Stasiun Meteorologi/Klimatologi/Geofisika,Provinsi,Curah Hujan - Januari,Curah Hujan - Februari,Curah Hujan - Maret,Curah Hujan - April,Curah Hujan - Mei,Curah Hujan - Juni,Curah Hujan - Juli,Curah Hujan - Agustus,Curah Hujan - September,Curah Hujan - Oktober,Curah Hujan - November,Curah Hujan - Desember,Suhu - Januari,Suhu - Februari,Suhu - Maret,Suhu - April,Suhu - Mei,Suhu - Juni,Suhu - Juli,Suhu - Agustus,Suhu - September,Suhu - Oktober,Suhu - November,Suhu - Desember,Kelembaban - Januari,Kelembaban - Februari,Kelembaban - Maret,Kelembaban - April,Kelembaban - Mei,Kelembaban - Juni,Kelembaban - Juli,Kelembaban - Agustus,Kelembaban - September,Kelembaban - Oktober,Kelembaban - November,Kelembaban - Desember,Lama Penyinaran - Januari,Lama Penyinaran - Februari,Lama Penyinaran - Maret,Lama Penyinaran - April,Lama Penyinaran - Mei,Lama Penyinaran - Juni,Lama Penyinaran - Juli,Lama Penyinaran - Agustus,Lama Penyinaran - September,Lama Penyinaran - Oktober,Lama Penyinaran - November,Lama Penyinaran - Desember
Cut Bau Maimun Saleh,Aceh,363.1,121.0,163.60000000000002,174.1,139.6,83.60000000000001,93.9,122.8,52.900000000000006,0.0,0.0,0.0,26.43225806451613,26.924999999999997,27.254838709677426,27.223333333333333,28.08709677419355,28.43,28.406451612903226,27.916129032258077,27.79,0.0,0.0,0.0,85.74193548387096,83.25,85.3225806451613,83.96666666666667,77.48387096774194,71.56666666666666,70.29032258064517,71.19354838709677,73.8,0.0,0.0,0.0,4.806451612903226,5.946428571428571,5.083333333333333,4.862068965517241,5.0,5.431034482758621,6.0,5.366666666666666,4.793103448275862,0.0,0.0,0.0
Malikussaleh,Aceh,155.40000000000003,50.4,434.2,156.70000000000002,124.99999999999996,77.89999999999999,33.300000000000004,66.4,54.5,0.0,0.0,0.0,26.04193548387096,26.578571428571436,27.18064516129033,26.80333333333333,27.735483870967744,27.959999999999997,28.012903225806458,27.132258064516133,27.49000000000001,0.0,0.0,0.0,88.03225806451613,85.75,87.41935483870968,88.3,87.45161290322581,84.46666666666667,81.0,84.93548387096774,84.6,0.0,0.0,0.0,4.12258064516129,6.503571428571431,5.367741935483873,4.489999999999999,5.0032258064516135,6.013333333333333,6.732258064516129,5.096774193548386,5.296666666666666,0.0,0.0,0.0
Sultan Iskandar Muda,Aceh,292.7,232.4,150.1,220.0,125.3,110.2,160.2,45.4,88.5,0.0,0.0,0.0,26.706451612903223,27.00714285714286,27.4,27.270000000000003,28.41935483870967,28.55,28.75483870967742,28.08709677419355,28.03,0.0,0.0,0.0,82.64516129032258,81.67857142857143,82.35483870967742,83.3,77.96774193548387,72.86666666666666,67.38709677419355,70.51612903225806,71.73333333333333,0.0,0.0,0.0,4.5774193548387085,5.460714285714286,4.322580645161289,4.0600000000000005,4.738709677419355,5.540000000000002,6.2548387096774185,5.035483870967742,5.119999999999999,0.0,0.0,0.0
Mata'ie,Aceh,0.0,0.0,0.0,0.0,0.0,0.0,0.0,0.0,0.0,0.0,0.0,0.0,0.0,0.0,0.0,0.0,0.0,0.0,0.0,0.0,0.0,0.0,0.0,0.0,0.0,0.0,0.0,0.0,0.0,0.0,0.0,0.0,0.0,0.0,0.0,0.0,0.0,0.0,0.0,0.0,0.0,0.0,0.0,0.0,0.0,0.0,0.0,0.0
Tjut Nyak Dien Meulaboh,Aceh,441.2,171.70000000000002,317.8,270.2,170.8,166.29999999999998,363.3,165.99999999999997,177.2,0.0,0.0,0.0,26.738709677419354,27.54999999999999,27.351612903225803,27.066666666666663,27.38064516129032,27.34666666666667,26.8,26.81290322580645,26.91333333333333,0.0,0.0,0.0,91.25806451612904,89.03571428571429,87.96774193548387,88.36666666666666,89.0,87.36666666666666,86.54838709677419,86.16129032258064,87.33333333333333,0.0,0.0,0.0,5.245161290322581,6.503571428571428,5.935483870967742,5.476666666666668,4.864516129032258,4.7733333333333325,5.709677419354839,5.306451612903226,4.956666666666666,0.0,0.0,0.0
Aceh Besar,Aceh,364.9,128.8,179.0,131.70000000000002,109.0,54.3,59.2,37.3,37.8,0.0,0.0,0.0,26.293548387096767,26.592857142857145,26.80967741935484,26.58333333333333,27.661290322580644,27.886666666666667,28.070967741935483,27.45483870967742,27.700000000000003,0.0,0.0,0.0,84.6774193548387,83.53571428571429,84.51612903225806,85.93333333333334,81.06451612903226,75.26666666666667,70.54838709677419,73.41935483870968,73.53333333333333,0.0,0.0,0.0,5.390322580645161,6.035714285714285,5.490322580645161,4.91,5.145161290322581,5.443333333333333,5.9064516129032265,5.151612903225807,5.409999999999998,0.0,0.0,0.0
Deli Serdang,Sumatera Utara,324.9,158.8,67.7,189.3,180.6,149.09999999999997,235.2,275.7,239.1,0.0,0.0,0.0,26.677419354838698,27.217857142857145,27.95483870967742,27.803333333333327,28.45483870967742,28.51333333333333,28.577419354838717,27.845161290322583,27.47666666666667,0.0,0.0,0.0,88.38709677419355,86.96428571428571,85.90322580645162,86.83333333333333,85.61290322580645,83.7,81.61290322580645,85.19354838709677,87.23333333333333,0.0,0.0,0.0,2.561290322580645,3.839285714285713,4.199999999999999,4.670000000000001,5.212903225806453,5.089999999999999,6.60967741935484,5.858064516129034,3.78,0.0,0.0,0.0
Maritim Belawan,Sumatera Utara,321.4,25.4,94.2,255.8,103.10000000000002,252.6,159.0,219.7,316.8,0.0,0.0,0.0,27.00967741935484,27.857142857142858,28.241935483870968,28.200000000000003,28.76774193548388,28.80333333333333,29.167741935483868,28.34516129032258,27.89,0.0,0.0,0.0,84.87096774193549,81.46428571428571,82.29032258064517,82.53333333333333,81.6774193548387,79.96666666666667,75.96774193548387,79.06451612903226,82.33333333333333,0.0,0.0,0.0,4.622580645161291,5.267857142857143,5.596774193548388,5.063333333333334,6.038709677419353,5.94,7.161290322580647,6.193548387096774,5.283333333333332,0.0,0.0,0.0
Kualanamu,Sumatera Utara,204.0,129.9,124.8,148.4,110.79999999999998,166.5,37.00000000000001,256.3,166.1,0.0,0.0,0.0,26.52258064516129,26.917857142857137,27.545161290322586,27.43,27.9741935483871,27.90666666666666,28.10322580645161,27.319354838709675,26.566666666666663,0.0,0.0,0.0,88.41935483870968,85.82142857142857,85.80645161290323,86.33333333333333,86.2258064516129,84.16666666666667,80.3225806451613,84.0,85.9,0.0,0.0,0.0,2.870967741935484,4.217857142857143,5.035483870967741,4.9366666666666665,5.203225806451614,5.053333333333334,6.641935483870968,5.867741935483871,4.35,0.0,0.0,0.0
Tuntungan,Sumatera Utara,478.3,327.7,232.3,173.80000000000004,376.7,121.4,387.9,371.1,216.2,0.0,0.0,0.0,25.97741935483871,26.52857142857143,26.906451612903226,27.01666666666667,27.57741935483872,27.673333333333336,27.7483870967742,26.906451612903226,26.79,0.0,0.0,0.0,87.58064516129032,86.53571428571429,86.41935483870968,86.26666666666667,84.16129032258064,82.46666666666667,79.41935483870968,82.90322580645162,85.16666666666667,0.0,0.0,0.0,2.0806451612903225,3.046428571428572,3.290322580645161,3.9333333333333353,3.9064516129032256,4.72,6.209677419354838,5.161290322580645,3.536666666666666,0.0,0.0,0.0
Parapat,Sumatera Utara,0.0,0.0,0.0,0.0,0.0,0.0,0.0,0.0,0.0,0.0,0.0,0.0,0.0,0.0,0.0,0.0,0.0,0.0,0.0,0.0,0.0,0.0,0.0,0.0,0.0,0.0,0.0,0.0,0.0,0.0,0.0,0.0,0.0,0.0,0.0,0.0,0.0,0.0,0.0,0.0,0.0,0.0,0.0,0.0,0.0,0.0,0.0,0.0
BBMKG Wilayah I,Sumatera Utara,392.6,236.8,191.0,202.2,266.90000000000003,197.2,191.7,356.7000000000001,255.0,0.0,0.0,0.0,26.52903225806451,27.378571428571423,27.88064516129032,27.890000000000004,28.61290322580645,28.76666666666667,29.05161290322581,27.983870967741936,27.76333333333333,0.0,0.0,0.0,88.19354838709677,84.92857142857143,83.7741935483871,84.43333333333334,83.29032258064517,81.56666666666666,78.54838709677419,82.51612903225806,84.43333333333334,0.0,0.0,0.0,1.9354838709677424,3.157142857142857,3.5225806451612915,4.013333333333334,4.409677419354839,4.603333333333334,6.051612903225808,4.99032258064516,3.076666666666667,0.0,0.0,0.0
Aek Godang,Sumatera Utara,158.20000000000002,193.3,262.6,272.0,33.0,44.2,13.8,10.8,135.6,0.0,0.0,0.0,25.1258064516129,25.239285714285725,25.96451612903226,26.36666666666667,27.164516129032265,26.956666666666663,27.006451612903223,26.86774193548387,26.27666666666666,0.0,0.0,0.0,84.87096774193549,85.82142857142857,82.6774193548387,79.8,74.09677419354838,70.13333333333334,69.38709677419355,67.61290322580645,74.0,0.0,0.0,0.0,3.56774193548387,4.435714285714285,7.787096774193548,7.626666666666666,7.858064516129032,6.783333333333333,7.587096774193548,7.97741935483871,7.779999999999999,0.0,0.0,0.0
F.L Tobing,Sumatera Utara,496.2,179.79999999999995,431.19999999999993,346.40000000000003,274.7,184.3,255.90000000000003,363.7000000000001,389.0,0.0,0.0,0.0,26.72903225806451,27.36428571428571,27.112903225806456,27.09333333333333,27.535483870967745,27.273333333333333,27.07096774193548,26.990322580645163,26.693333333333324,0.0,0.0,0.0,85.58064516129032,83.60714285714286,85.29032258064517,85.03333333333333,83.38709677419355,80.36666666666666,82.16129032258064,81.7741935483871,84.3,0.0,0.0,0.0,3.629032258064517,4.335714285714285,4.34516129032258,4.72,4.625806451612903,4.676666666666667,4.825806451612902,4.82258064516129,4.086666666666666,0.0,0.0,0.0
Binaka,Sumatera Utara,226.7,183.8,285.99999999999994,317.6,141.8,357.90000000000003,168.40000000000003,286.4,424.3,0.0,0.0,0.0,26.44838709677419,26.92142857142857,26.754838709677426,26.643333333333334,27.02258064516129,26.703333333333337,26.480645161290315,26.280645161290327,26.000000000000004,0.0,0.0,0.0,88.35483870967742,87.53571428571429,89.41935483870968,89.76666666666667,89.25806451612904,88.06666666666666,88.03225806451613,87.74193548387096,89.7,0.0,0.0,0.0,4.325806451612904,4.389285714285715,4.006451612903225,4.403333333333333,5.235483870967742,5.300000000000001,4.764516129032258,4.4064516129032265,3.4466666666666668,0.0,0.0,0.0
Gunung Sitoli,Sumatera Utara,220.00000000000003,182.9,454.8,366.4,203.0,289.7,196.0,291.29999999999995,291.0,0.0,0.0,0.0,26.04193548387097,26.35714285714285,26.25161290322581,26.300000000000008,26.58387096774193,26.223333333333333,26.00322580645162,25.70645161290323,25.52,0.0,0.0,0.0,0.0,0.0,0.0,0.0,0.0,0.0,0.0,0.0,0.0,0.0,0.0,0.0,6.709677419354839,6.0,6.193548387096774,6.666666666666667,6.451612903225806,6.933333333333334,7.741935483870968,6.967741935483871,5.866666666666666,0.0,0.0,0.0
Stasiun Metorologi Maritim Teluk Bayur,Sumatera Barat,540.2,339.7,580.5000000000001,336.5,251.8,422.9,335.2,418.3,451.0999999999999,0.0,0.0,0.0,27.56451612903225,28.132142857142863,27.78064516129032,27.633333333333333,28.274193548387096,27.73333333333333,27.467741935483872,27.32903225806452,27.15000000000001,0.0,0.0,0.0,78.87096774193549,76.35714285714286,78.7741935483871,78.0,74.61290322580645,73.56666666666666,75.16129032258064,73.74193548387096,77.8,0.0,0.0,0.0,3.3709677419354844,5.392857142857144,3.835483870967742,5.293333333333333,6.496774193548388,5.863333333333334,5.809677419354839,5.4483870967741925,4.54,0.0,0.0,0.0
Minangkabau,Sumatera Barat,581.8000000000001,324.1,675.8,282.5,143.8,251.2,306.90000000000003,415.2000000000001,248.4,0.0,0.0,0.0,26.70967741935484,27.17142857142857,27.070967741935487,27.17,27.725806451612904,27.11,27.08709677419355,26.60322580645161,26.566666666666663,0.0,0.0,0.0,84.35483870967742,82.53571428571429,84.03225806451613,83.23333333333333,81.29032258064517,80.23333333333333,78.80645161290323,80.29032258064517,82.53333333333333,0.0,0.0,0.0,4.096774193548387,5.514285714285714,3.970967741935483,5.796666666666667,6.629032258064516,5.800000000000001,6.1,5.4064516129032265,4.319999999999999,0.0,0.0,0.0
Silaing Bawah,Sumatera Barat,0.0,0.0,0.0,0.0,0.0,0.0,0.0,0.0,0.0,0.0,0.0,0.0,0.0,0.0,0.0,0.0,0.0,0.0,0.0,0.0,0.0,0.0,0.0,0.0,0.0,0.0,0.0,0.0,0.0,0.0,0.0,0.0,0.0,0.0,0.0,0.0,0.0,0.0,0.0,0.0,0.0,0.0,0.0,0.0,0.0,0.0,0.0,0.0
Stasiun Klimatologi Padang Pariaman,Sumatera Barat,444.0,241.79999999999995,340.1,363.1,171.50000000000003,103.5,160.50000000000003,169.5,512.3000000000001,0.0,0.0,0.0,25.787096774193547,26.54642857142857,26.26129032258065,26.07,26.45806451612903,25.97000000000001,25.57419354838709,25.48064516129033,25.34666666666667,0.0,0.0,0.0,85.90322580645162,84.21428571428571,86.16129032258064,86.86666666666666,85.25806451612904,83.86666666666666,85.0,84.3225806451613,87.7,0.0,0.0,0.0,3.506451612903225,4.671428571428572,3.419354838709677,5.163333333333333,6.0838709677419365,5.766666666666667,5.348387096774193,4.741935483870968,3.333333333333333,0.0,0.0,0.0
Sultan Syarif Kasim II,Riau,515.8,438.30000000000007,255.79999999999995,383.0,204.4,273.6,66.39999999999999,173.1,244.0,0.0,0.0,0.0,26.00967741935484,26.59285714285715,27.12903225806451,27.356666666666666,28.00967741935484,27.996666666666663,27.89677419354839,27.32258064516129,26.93,0.0,0.0,0.0,88.38709677419355,84.17857142857143,84.90322580645162,82.23333333333333,81.06451612903226,78.5,77.61290322580645,78.64516129032258,82.26666666666667,0.0,0.0,0.0,1.751612903225806,2.6535714285714285,2.358064516129032,3.896666666666666,4.732258064516128,4.626666666666666,5.300000000000001,4.970967741935484,4.1866666666666665,0.0,0.0,0.0
Japura,Riau,372.2999999999999,308.99999999999994,384.0,285.9,312.3999999999999,136.00000000000003,151.6,63.3,256.6,0.0,0.0,0.0,25.93870967741936,26.639285714285712,26.79032258064516,27.10333333333333,27.677419354838708,27.649999999999995,27.364516129032257,26.95483870967742,26.81666666666667,0.0,0.0,0.0,92.09677419354838,87.64285714285714,88.25806451612904,86.73333333333333,85.58064516129032,84.06666666666666,83.54838709677419,83.7741935483871,85.93333333333334,0.0,0.0,0.0,1.9612903225806453,3.607142857142857,2.8612903225806443,4.3966666666666665,5.5838709677419365,5.223333333333333,5.077419354838709,4.396774193548388,3.033333333333333,0.0,0.0,0.0
Stasiun Klimatologi Muaro Jambi,Jambi,221.30000000000007,288.8,303.40000000000003,239.4,280.4,78.3,88.9,374.7000000000001,208.4,0.0,0.0,0.0,26.21290322580645,26.592857142857145,26.83225806451613,27.23666666666666,27.954838709677414,27.886666666666663,27.835483870967742,27.1258064516129,27.20333333333333,0.0,0.0,0.0,88.3225806451613,86.64285714285714,87.51612903225806,89.63333333333334,88.90322580645162,84.83333333333333,85.93548387096774,88.83870967741936,86.83333333333333,0.0,0.0,0.0,1.8096774193548384,2.771428571428572,3.016129032258064,4.053333333333333,5.222580645161291,4.846666666666667,5.10967741935484,4.741935483870968,4.133333333333333,0.0,0.0,0.0
Sultan Thaha,Jambi,328.5,253.9,326.1,154.7,257.9,140.0,68.8,211.89999999999995,150.4,0.0,0.0,0.0,26.24838709677419,26.75357142857143,26.896774193548385,27.2,27.883870967741935,27.67,27.532258064516128,26.94193548387097,27.133333333333333,0.0,0.0,0.0,87.16129032258064,84.75,86.38709677419355,85.3,83.35483870967742,83.16666666666667,82.0,83.2258064516129,82.9,0.0,0.0,0.0,2.096774193548387,3.1821428571428574,2.874193548387097,3.633333333333333,5.274193548387097,3.9966666666666666,5.619354838709678,5.174193548387096,4.553333333333333,0.0,0.0,0.0
Depati Parbo,Jambi,170.5,134.2,124.3,147.6,23.4,29.2,54.60000000000001,72.60000000000001,174.99999999999997,0.0,0.0,0.0,22.616129032258065,22.964285714285715,23.11290322580645,23.22333333333334,23.590322580645164,23.020000000000003,22.609677419354835,22.345161290322583,22.84333333333333,0.0,0.0,0.0,84.29032258064517,83.32142857142857,83.03225806451613,83.26666666666667,78.45161290322581,78.9,80.25806451612904,80.29032258064517,81.6,0.0,0.0,0.0,2.674193548387097,5.539285714285714,7.719354838709677,7.58,7.748387096774194,7.666666666666668,7.903225806451613,7.94516129032258,7.906666666666666,0.0,0.0,0.0
Sultan Mahmud Badaruddin II,Sumatera Selatan,224.8,343.9,533.3000000000001,387.6,175.19999999999996,58.7,111.1,129.29999999999998,209.6,0.0,0.0,0.0,26.40967741935484,26.79642857142856,27.048387096774185,27.399999999999995,28.23548387096774,27.83333333333333,27.912903225806453,27.529032258064515,27.396666666666672,0.0,0.0,0.0,86.09677419354838,84.75,86.58064516129032,86.1,82.93548387096774,82.06666666666666,81.29032258064517,82.87096774193549,83.73333333333333,0.0,0.0,0.0,2.793548387096775,3.503571428571429,4.041935483870968,4.5633333333333335,5.161290322580645,4.483333333333333,5.4548387096774205,5.261290322580645,4.409999999999999,0.0,0.0,0.0
Stasiun Klimatologi Palembang,Sumatera Selatan,260.8,199.1,10.7,0.0,0.0,0.0,0.0,0.0,0.0,0.0,0.0,0.0,26.916129032258063,27.35,28.166666666666668,0.0,0.0,0.0,0.0,0.0,0.0,0.0,0.0,0.0,86.87096774193549,86.0,85.33333333333333,0.0,0.0,0.0,0.0,0.0,0.0,0.0,0.0,0.0,8.0,8.0,8.0,0.0,0.0,0.0,0.0,0.0,0.0,0.0,0.0,0.0
Fatmawati Soekarno,Bengkulu,373.5,303.6,361.7000000000001,212.00000000000003,132.60000000000002,159.39999999999998,187.6,553.3,445.7,0.0,0.0,0.0,26.96129032258064,27.178571428571438,27.783870967741933,27.33333333333333,28.141935483870963,27.540000000000003,27.183870967741928,27.01290322580645,26.843333333333337,0.0,0.0,0.0,84.80645161290323,83.32142857142857,84.35483870967742,85.4,80.09677419354838,80.56666666666666,81.90322580645162,81.29032258064517,84.23333333333333,0.0,0.0,0.0,3.577419354838709,4.839285714285714,4.680645161290323,5.323333333333333,6.103225806451611,5.51,6.051612903225808,5.522580645161291,5.000000000000001,0.0,0.0,0.0
Stasiun Klimatologi Bengkulu,Bengkulu,368.1,292.6,380.1,231.80000000000004,155.89999999999998,130.39999999999998,154.2,581.1,453.7000000000001,0.0,0.0,0.0,26.90967741935484,27.057142857142857,27.287096774193543,27.183333333333334,27.92903225806451,27.42,27.10967741935484,26.854838709677423,26.74,0.0,0.0,0.0,86.7741935483871,86.10714285714286,86.09677419354838,87.63333333333334,84.70967741935483,85.96666666666667,87.7741935483871,86.83870967741936,87.9,0.0,0.0,0.0,4.158064516129032,5.392857142857143,5.370967741935484,5.51,6.574193548387096,5.543333333333333,6.270967741935484,6.138709677419354,5.123333333333333,0.0,0.0,0.0
Kepahiyang,Bengkulu,468.6,392.6000000000001,414.5999999999999,314.7999999999999,233.4,78.4,137.29999999999998,206.4,217.6,0.0,0.0,0.0,23.932258064516127,24.007142857142856,24.448387096774194,24.26333333333334,24.84193548387097,24.36666666666667,24.145161290322587,23.79032258064516,23.97,0.0,0.0,0.0,94.29032258064515,92.75,91.96774193548389,92.86666666666666,90.5483870967742,92.3,92.09677419354838,93.12903225806453,93.23333333333332,0.0,0.0,0.0,2.351612903225807,3.0357142857142843,2.825806451612904,2.9100000000000006,4.922580645161291,4.35,4.603225806451612,4.019354838709677,3.339999999999999,0.0,0.0,0.0
Stasiun Klimatologi Pesawaran,Lampung,495.2,229.3,270.20000000000005,201.9,188.2,170.8,46.1,86.8,205.5,0.0,0.0,0.0,26.33225806451613,26.839285714285715,27.21935483870968,27.09333333333334,27.82903225806452,26.81,26.861290322580647,26.72903225806451,26.71,0.0,0.0,0.0,87.64516129032258,85.03571428571429,84.90322580645162,84.53333333333333,84.09677419354838,85.83333333333333,83.09677419354838,83.45161290322581,85.43333333333334,0.0,0.0,0.0,3.990322580645161,3.553571428571428,4.0612903225806445,4.453333333333332,5.458064516129033,4.17,5.977419354838711,5.258064516129031,4.55,0.0,0.0,0.0
Maritim Lampung,Lampung,606.6999999999999,322.99999999999994,278.70000000000005,152.00000000000006,162.9,127.4,101.40000000000002,198.0,144.0,0.0,0.0,0.0,27.60645161290323,27.95714285714285,28.451612903225808,28.39,29.16129032258065,28.356666666666666,28.374193548387105,27.97096774193548,28.17333333333333,0.0,0.0,0.0,83.48387096774194,82.46428571428571,78.7741935483871,80.5,82.96774193548387,81.13333333333334,80.12903225806451,82.64516129032258,83.6,0.0,0.0,0.0,2.8709677419354835,3.5464285714285717,3.748387096774193,4.343333333333333,5.699999999999999,4.676666666666666,5.016129032258066,4.770967741935484,4.379999999999999,0.0,0.0,0.0
Radin Inten II,Lampung,462.30000000000007,244.3,215.0,100.5,122.9,197.0,75.0,81.2,164.79999999999998,0.0,0.0,0.0,26.570967741935483,27.03571428571429,27.63548387096774,27.436666666666667,28.22903225806452,26.803333333333335,26.812903225806448,26.812903225806444,26.91333333333334,0.0,0.0,0.0,89.45161290322581,86.75,82.58064516129032,81.73333333333333,79.61290322580645,84.03333333333333,80.80645161290323,79.64516129032258,80.6,0.0,0.0,0.0,2.409677419354839,4.171428571428573,5.054838709677419,5.52,5.670967741935483,4.933333333333333,5.651612903225807,5.029032258064516,4.680000000000001,0.0,0.0,0.0
Kota Bumi,Lampung,386.9,235.4,410.7,277.5,157.0,143.6,90.3,311.5,176.1,0.0,0.0,0.0,26.764516129032256,27.15714285714285,27.46129032258065,27.28333333333334,28.16451612903226,27.156666666666663,27.47741935483872,27.119354838709683,27.293333333333333,0.0,0.0,0.0,89.12903225806451,90.60714285714286,91.25806451612904,91.43333333333334,90.4516129032258,90.56666666666666,87.7741935483871,89.74193548387096,90.36666666666666,0.0,0.0,0.0,3.3096774193548386,3.7607142857142857,4.354838709677419,3.51,5.538709677419355,4.533333333333333,6.141935483870968,5.283870967741935,4.406666666666667,0.0,0.0,0.0
Depati Amir,Bangka Belitung,339.1,209.1,198.3,224.80000000000004,153.99999999999997,161.3,162.70000000000002,121.0,92.8,0.0,0.0,0.0,25.867741935483878,26.657142857142865,26.47741935483871,27.04666666666667,27.932258064516123,27.203333333333333,27.522580645161288,27.38387096774193,27.62333333333333,0.0,0.0,0.0,94.96774193548389,90.75,93.93548387096774,92.83333333333331,88.48387096774194,91.06666666666666,89.19354838709677,86.06451612903226,84.96666666666667,0.0,0.0,0.0,1.2354838709677418,4.532142857142857,2.7451612903225806,4.403333333333333,5.30967741935484,4.546666666666667,5.9483870967741925,5.451612903225806,4.843333333333334,0.0,0.0,0.0
Tanjung Pandan,Bangka Belitung,0.0,0.0,0.0,0.0,0.0,0.0,0.0,0.0,0.0,0.0,0.0,0.0,0.0,0.0,0.0,0.0,0.0,0.0,0.0,0.0,0.0,0.0,0.0,0.0,0.0,0.0,0.0,0.0,0.0,0.0,0.0,0.0,0.0,0.0,0.0,0.0,0.0,0.0,0.0,0.0,0.0,0.0,0.0,0.0,0.0,0.0,0.0,0.0
H. Asan Hananjoedin,Bangka Belitung,561.0,88.4,468.6,401.8999999999999,241.70000000000005,374.1,163.7,173.29999999999998,286.6,0.0,0.0,0.0,26.232258064516127,26.68928571428572,26.24193548387097,26.90666666666666,27.629032258064512,27.116666666666664,27.52903225806452,26.95483870967743,27.036666666666665,0.0,0.0,0.0,90.93548387096774,86.67857142857143,91.35483870967742,89.13333333333334,84.87096774193549,85.93333333333334,82.64516129032258,83.12903225806451,85.36666666666666,0.0,0.0,0.0,2.664516129032258,5.989285714285716,3.6612903225806455,4.659999999999999,4.816129032258065,4.190000000000001,5.806451612903226,5.761290322580645,3.89,0.0,0.0,0.0
Hang Nadim,Kepulauan Riau,566.6,36.7,577.6999999999999,238.0,277.8,143.0,147.00000000000003,216.2,189.10000000000005,0.0,0.0,0.0,26.88709677419355,27.553571428571423,27.725806451612907,28.046666666666667,28.40645161290323,28.6,28.570967741935487,27.816129032258058,27.61,0.0,0.0,0.0,84.2258064516129,80.21428571428571,83.09677419354838,83.36666666666666,84.48387096774194,82.16666666666667,81.61290322580645,81.80645161290323,83.8,0.0,0.0,0.0,3.2483870967741937,6.7250000000000005,5.661290322580644,6.076666666666667,5.422580645161292,4.67,5.716129032258064,4.629032258064515,5.04,0.0,0.0,0.0
Raja Haji Abdullah Tanjung Balai Karimun,Kepulauan Riau,402.6,44.3,432.7000000000001,256.30000000000007,250.8,162.7,109.10000000000002,342.80000000000007,272.6,0.0,0.0,0.0,27.145161290322577,28.02500000000001,27.854838709677423,28.11,28.5258064516129,28.41,28.29677419354839,27.377419354838707,27.20333333333333,0.0,0.0,0.0,83.51612903225806,79.28571428571429,83.83870967741936,84.16666666666667,84.80645161290323,84.03333333333333,83.83870967741936,85.29032258064517,86.8,0.0,0.0,0.0,2.709677419354838,5.296428571428572,4.264516129032258,5.330000000000001,4.306451612903226,4.413333333333331,4.812903225806452,3.838709677419354,2.876666666666668,0.0,0.0,0.0
Kijang,Kepulauan Riau,1001.3,19.200000000000003,523.5,394.5,337.6,106.8,217.4,255.6,250.40000000000003,0.0,0.0,0.0,26.432258064516127,26.853571428571428,27.203225806451613,27.53000000000001,27.958064516129035,28.046666666666663,27.83225806451613,27.416129032258063,27.40333333333333,0.0,0.0,0.0,86.25806451612904,83.10714285714286,85.90322580645162,86.16666666666667,86.38709677419355,84.83333333333333,84.6774193548387,84.51612903225806,85.5,0.0,0.0,0.0,3.3548387096774186,6.832142857142856,5.041935483870969,6.176666666666667,6.519354838709677,6.326666666666667,5.929032258064515,5.138709677419354,4.87,0.0,0.0,0.0
Tarempa,Kepulauan Riau,178.60000000000002,60.4,72.2,182.7,143.89999999999998,113.2,55.2,123.39999999999998,228.7,0.0,0.0,0.0,26.325806451612905,26.49642857142857,27.25161290322581,27.779999999999998,28.82258064516129,29.0,29.258064516129032,28.616129032258065,28.03,0.0,0.0,0.0,86.12903225806451,84.85714285714286,84.51612903225806,84.6,81.93548387096774,81.53333333333333,79.16129032258064,79.90322580645162,82.66666666666667,0.0,0.0,0.0,1.57741935483871,3.3535714285714286,4.141935483870967,4.833333333333334,5.154838709677417,4.243333333333331,6.067741935483871,4.193548387096775,3.923333333333333,0.0,0.0,0.0
Ranai,Kepulauan Riau,69.89999999999999,195.7,89.2,251.8,235.90000000000003,177.1,174.0,111.70000000000002,516.7,0.0,0.0,0.0,25.893548387096764,26.18928571428572,27.190322580645173,27.843333333333337,28.383870967741935,28.36666666666666,28.419354838709676,27.48387096774193,27.449999999999992,0.0,0.0,0.0,90.12903225806453,89.10714285714286,88.09677419354838,87.33333333333333,86.58064516129032,83.13333333333334,82.58064516129032,84.41935483870968,84.76666666666667,0.0,0.0,0.0,1.025806451612903,2.6035714285714286,3.6612903225806455,4.243333333333333,5.735483870967742,4.05,5.693548387096774,4.032258064516129,3.983333333333333,0.0,0.0,0.0
Dabo Singkep,Kepulauan Riau,424.8,21.7,474.0,257.20000000000005,182.1,88.1,202.3,574.5999999999998,232.3,0.0,0.0,0.0,26.216129032258067,27.203571428571426,26.87419354838709,27.31333333333334,28.04516129032257,28.01333333333333,28.16129032258065,27.11290322580645,27.28333333333333,0.0,0.0,0.0,89.12903225806451,85.42857142857143,89.90322580645162,89.6,87.90322580645162,86.26666666666667,84.80645161290323,87.45161290322581,88.63333333333334,0.0,0.0,0.0,2.419354838709678,5.175000000000002,3.674193548387096,4.506666666666666,5.429032258064516,2.8766666666666665,5.251612903225806,4.5032258064516135,4.413333333333333,0.0,0.0,0.0
Maritim Tanjung Priok,DKI Jakarta,368.9,203.2,138.70000000000005,261.1,192.7,82.39999999999999,97.0,114.8,50.89999999999999,0.0,0.0,0.0,28.006451612903227,28.196428571428573,28.71290322580646,28.87333333333334,29.154838709677417,28.85333333333333,28.838709677419352,28.54516129032259,29.113333333333333,0.0,0.0,0.0,82.41935483870968,82.35714285714286,81.45161290322581,81.2,81.58064516129032,80.5,79.58064516129032,79.87096774193549,76.2,0.0,0.0,0.0,3.5193548387096776,4.425000000000001,4.332258064516128,5.6466666666666665,5.59032258064516,5.183333333333335,6.361290322580646,6.34516129032258,6.046666666666667,0.0,0.0,0.0
Kemayoran,DKI Jakarta,538.5999999999999,262.19999999999993,104.4,158.8,308.50000000000006,149.1,301.4,218.29999999999995,72.69999999999999,0.0,0.0,0.0,28.080645161290324,28.08928571428572,28.78709677419355,28.8,28.93870967741935,28.64333333333333,28.780645161290323,28.474193548387092,28.956666666666667,0.0,0.0,0.0,80.06451612903226,81.07142857142857,78.06451612903226,78.36666666666666,79.3225806451613,77.5,73.80645161290323,75.0,73.1,0.0,0.0,0.0,2.490322580645161,2.946428571428572,2.6967741935483875,3.73,4.367741935483871,2.996666666666667,4.738709677419354,5.412903225806452,5.516666666666666,0.0,0.0,0.0
Citeko,Jawa Barat,581.9,298.0,542.4000000000001,290.2,344.3,196.1,310.20000000000005,285.0,168.7,0.0,0.0,0.0,21.05483870967742,21.107142857142858,21.73870967741935,21.81333333333334,22.24516129032258,21.796666666666663,21.51290322580645,21.2258064516129,21.73333333333333,0.0,0.0,0.0,89.54838709677419,90.78571428571428,87.70967741935483,88.06666666666666,87.12903225806451,85.4,84.7741935483871,85.80645161290323,84.56666666666666,0.0,0.0,0.0,1.7838709677419355,1.867857142857143,2.55483870967742,3.9566666666666666,3.729032258064517,3.863333333333333,4.706451612903226,4.754838709677419,4.566666666666666,0.0,0.0,0.0
Stasiun Klimatologi Bogor,Jawa Barat,285.1,148.7,446.8,219.3,253.2,214.8,469.5,537.3,343.4,0.0,0.0,0.0,25.99677419354839,26.135714285714275,26.241935483870968,26.563333333333336,26.735483870967744,26.37333333333333,26.19032258064517,25.809677419354838,26.09,0.0,0.0,0.0,86.16129032258064,86.71428571428571,86.45161290322581,85.56666666666666,85.74193548387096,83.96666666666667,82.74193548387096,83.51612903225806,83.8,0.0,0.0,0.0,3.4903225806451617,3.75,4.261290322580645,4.73,5.499999999999998,5.460000000000002,6.687096774193548,6.051612903225808,5.726666666666666,0.0,0.0,0.0
Bandung,Jawa Barat,225.50000000000003,131.4,274.1,233.1,318.99999999999994,146.49999999999997,112.9,211.90000000000003,217.5,0.0,0.0,0.0,24.483870967741936,24.22142857142857,24.50645161290324,24.256666666666664,24.435483870967733,23.96333333333333,23.93225806451613,23.461290322580645,23.889999999999997,0.0,0.0,0.0,80.3225806451613,82.39285714285714,81.16129032258064,82.36666666666666,81.19354838709677,78.9,74.96774193548387,77.03225806451613,76.46666666666667,0.0,0.0,0.0,4.338709677419355,4.271428571428571,4.748387096774193,4.069999999999999,4.316129032258064,4.23,5.438709677419355,4.599999999999999,4.943333333333333,0.0,0.0,0.0
Jatiwangi,Jawa Barat,636.7999999999998,330.8,500.1,317.30000000000007,385.5,68.4,47.5,209.8,44.1,0.0,0.0,0.0,27.03548387096774,26.817857142857147,27.548387096774185,27.49666666666667,27.90322580645161,27.71666666666666,27.74838709677419,27.361290322580647,28.5,0.0,0.0,0.0,86.61290322580645,87.75,85.64516129032258,84.2,83.29032258064517,81.06666666666666,74.83870967741936,78.12903225806451,73.46666666666667,0.0,0.0,0.0,2.696774193548387,3.6178571428571433,4.006451612903226,4.816666666666666,5.635483870967741,5.23,6.564516129032258,6.151612903225807,6.38,0.0,0.0,0.0
Pos Meteorologi Penggung,Jawa Barat,505.5999999999999,405.3,515.6,292.0,201.4,59.4,88.3,126.6,31.5,0.0,0.0,0.0,27.20322580645161,27.17857142857144,27.577419354838717,27.656666666666663,28.01290322580645,28.02333333333333,27.880645161290317,27.84193548387097,28.866666666666667,0.0,0.0,0.0,86.09677419354838,86.92857142857143,86.0,84.46666666666667,83.61290322580645,80.13333333333334,73.06451612903226,75.93548387096774,73.43333333333334,0.0,0.0,0.0,8.0,8.0,8.0,8.0,8.0,8.0,8.0,8.0,8.0,0.0,0.0,0.0
Tegal,Jawa Tengah,502.6,293.2,203.1,166.80000000000004,237.90000000000003,216.0,52.7,130.9,145.4,0.0,0.0,0.0,27.73870967741935,27.58571428571428,28.145161290322577,28.42666666666667,28.490322580645163,28.22000000000001,27.63225806451613,27.635483870967743,28.32,0.0,0.0,0.0,82.61290322580645,84.60714285714286,83.48387096774194,80.03333333333333,81.2258064516129,79.63333333333334,76.3225806451613,77.29032258064517,75.96666666666667,0.0,0.0,0.0,2.987096774193549,4.257142857142858,4.493548387096775,5.826666666666666,6.029032258064516,5.38,7.032258064516129,6.6483870967741945,6.676666666666666,0.0,0.0,0.0
Cilacap,Jawa Tengah,245.1,165.60000000000002,170.5,229.9,408.00000000000006,292.7,82.89999999999999,310.80000000000007,496.5,0.0,0.0,0.0,27.90967741935484,28.125000000000004,28.277419354838717,27.95,27.76451612903226,27.746666666666663,26.483870967741936,26.825806451612905,27.21,0.0,0.0,0.0,82.35483870967742,81.46428571428571,84.45161290322581,84.9,87.12903225806451,82.7,80.7741935483871,81.70967741935483,81.86666666666666,0.0,0.0,0.0,4.535483870967742,4.739285714285715,5.712903225806451,6.6466666666666665,6.051612903225808,6.63,6.435483870967742,6.85483870967742,6.823333333333333,0.0,0.0,0.0
Banjarnegara,Jawa Tengah,454.0,311.0,231.1,40.3,524.1,187.0,96.4,198.4,164.99999999999997,0.0,0.0,0.0,24.216129032258063,24.542857142857144,24.600000000000005,24.16,23.838709677419352,23.42666666666667,22.506451612903227,22.80322580645161,23.57333333333333,0.0,0.0,0.0,83.64516129032258,81.25,83.35483870967742,84.46666666666667,87.45161290322581,86.7,85.09677419354838,86.6774193548387,84.83333333333333,0.0,0.0,0.0,3.1935483870967736,3.757142857142856,4.035483870967743,3.816666666666667,2.532258064516129,3.8733333333333335,4.0612903225806445,4.109677419354839,3.82,0.0,0.0,0.0
Stasiun Klimatologi Semarang,Jawa Tengah,419.6,338.8,332.5,199.2,315.0,226.0,53.0,105.4,204.9,0.0,0.0,0.0,27.174193548387095,27.442857142857147,27.79032258064516,28.20666666666666,28.38387096774193,28.44333333333333,28.016129032258053,28.38387096774193,29.020000000000007,0.0,0.0,0.0,85.83870967741936,85.0,84.25806451612904,81.13333333333334,81.7741935483871,77.96666666666667,74.2258064516129,74.74193548387096,71.8,0.0,0.0,0.0,2.793548387096774,4.467857142857143,5.019354838709679,5.75,6.103225806451611,5.923333333333334,7.199999999999999,6.822580645161289,6.6866666666666665,0.0,0.0,0.0
Maritim Tanjung Mas,Jawa Tengah,413.4,360.7,337.8999999999999,186.1,368.0,89.79999999999998,26.0,200.1,107.1,0.0,0.0,0.0,27.758064516129032,27.98214285714285,28.345161290322576,28.96666666666668,28.95806451612904,28.79666666666666,28.31290322580645,28.48064516129032,29.136666666666663,0.0,0.0,0.0,84.41935483870968,83.67857142857143,83.64516129032258,78.93333333333334,80.70967741935483,75.7,70.51612903225806,71.6774193548387,69.03333333333333,0.0,0.0,0.0,3.0064516129032257,4.239285714285716,4.935483870967741,5.7766666666666655,6.158064516129032,5.9,7.045161290322581,6.80967741935484,6.8966666666666665,0.0,0.0,0.0
Ahmad Yani,Jawa Tengah,419.00000000000006,356.1,353.5999999999999,132.2,390.30000000000007,180.6,27.9,111.5,206.3,0.0,0.0,0.0,27.200000000000003,27.54642857142857,27.8741935483871,28.34666666666667,28.38387096774193,28.390000000000004,28.02903225806452,28.26451612903225,28.816666666666663,0.0,0.0,0.0,83.61290322580645,81.64285714285714,82.12903225806451,78.86666666666666,79.90322580645162,75.36666666666666,70.83870967741936,71.90322580645162,69.83333333333333,0.0,0.0,0.0,2.816129032258064,4.567857142857144,5.34516129032258,5.996666666666667,6.409677419354838,6.096666666666668,7.293548387096774,7.067741935483872,6.916666666666667,0.0,0.0,0.0
Yogyakarta,DI Yogyakarta,316.49999999999994,216.50000000000003,404.3,135.6,428.7,87.80000000000001,1.9,114.3,10.6,0.0,0.0,0.0,26.64193548387097,26.9,27.02903225806452,27.026666666666674,26.66451612903225,26.59666666666666,25.51935483870968,26.14193548387097,26.626666666666665,0.0,0.0,0.0,87.12903225806451,86.10714285714286,87.6774193548387,85.96666666666667,88.58064516129032,86.06666666666666,84.64516129032258,83.2258064516129,84.13333333333334,0.0,0.0,0.0,3.835483870967742,4.417857142857143,3.977419354838711,6.4,4.745161290322581,5.066666666666666,5.412903225806453,5.525806451612903,6.300000000000001,0.0,0.0,0.0
Sangkapura,Jawa Timur,673.7,154.7,330.1,167.0,366.4,218.5,316.20000000000005,60.10000000000001,112.8,0.0,0.0,0.0,27.345161290322576,28.192857142857143,28.01612903225807,27.976666666666667,28.096774193548395,28.379999999999995,27.92903225806452,28.20967741935484,28.71333333333333,0.0,0.0,0.0,87.3225806451613,84.39285714285714,85.83870967741936,85.66666666666667,86.16129032258064,81.4,80.25806451612904,77.48387096774194,77.86666666666666,0.0,0.0,0.0,3.2709677419354843,6.114285714285714,4.838709677419355,5.1,4.6645161290322585,5.5600000000000005,6.893548387096774,7.141935483870967,7.01,0.0,0.0,0.0
Perak I,Jawa Timur,515.8,193.2,275.0,123.8,96.3,29.8,35.3,27.4,12.499999999999998,0.0,0.0,0.0,27.951612903225804,28.164285714285715,28.54193548387097,28.66333333333333,28.6483870967742,28.723333333333333,28.119354838709683,28.57741935483871,29.57,0.0,0.0,0.0,82.51612903225806,81.60714285714286,81.58064516129032,79.36666666666666,81.41935483870968,76.06666666666666,72.54838709677419,71.2258064516129,69.43333333333334,0.0,0.0,0.0,2.929032258064516,3.87142857142857,3.8290322580645166,5.08,4.438709677419355,5.46,7.103225806451612,7.280645161290321,7.11,0.0,0.0,0.0
Juanda,Jawa Timur,421.6,377.0,368.1,393.1,516.4000000000001,74.10000000000001,14.0,35.400000000000006,3.0,0.0,0.0,0.0,27.60322580645161,27.750000000000004,27.419354838709683,28.380000000000003,28.34193548387097,28.326666666666657,27.31612903225807,27.80322580645161,29.19666666666667,0.0,0.0,0.0,84.03225806451613,81.53571428571429,79.87096774193549,78.63333333333334,82.61290322580645,76.1,72.74193548387096,71.29032258064517,68.2,0.0,0.0,0.0,3.577419354838709,4.5857142857142845,4.938709677419356,6.163333333333335,6.016129032258063,6.956666666666668,7.364516129032259,7.7,7.563333333333334,0.0,0.0,0.0
Maritim Perak II,Jawa Timur,487.50000000000006,157.6,178.2,94.5,53.400000000000006,53.1,58.0,26.5,7.6,0.0,0.0,0.0,28.44516129032258,28.7,28.97741935483872,29.11333333333333,28.98387096774194,28.98333333333333,28.299999999999997,28.69354838709677,29.569999999999997,0.0,0.0,0.0,80.0,78.89285714285714,79.74193548387096,77.23333333333333,80.12903225806451,75.46666666666667,72.03225806451613,70.7741935483871,69.46666666666667,0.0,0.0,0.0,3.574193548387097,4.353571428571429,4.319354838709677,5.453333333333332,4.735483870967743,5.323333333333332,7.216129032258064,7.416129032258064,7.370000000000001,0.0,0.0,0.0
Stasiun Klimatologi Malang,Jawa Timur,376.1,289.2,227.8,76.5,201.8,50.7,3.8000000000000007,112.5,77.8,0.0,0.0,0.0,24.22903225806452,24.69642857142857,24.68709677419356,24.69,24.65161290322581,24.06,23.077419354838707,23.448387096774194,24.38,0.0,0.0,0.0,85.29032258064517,82.14285714285714,82.54838709677419,79.76666666666667,82.16129032258064,79.33333333333333,78.45161290322581,77.83870967741936,76.53333333333333,0.0,0.0,0.0,3.045161290322581,4.1571428571428575,4.22258064516129,6.3100000000000005,5.029032258064515,6.083333333333332,5.658064516129033,7.093548387096774,6.86,0.0,0.0,0.0
Tretes,Jawa Timur,770.0999999999999,352.30000000000007,436.2,388.1,518.5,234.3,103.3,139.4,75.9,0.0,0.0,0.0,21.641935483870967,22.003571428571437,22.141935483870967,21.880000000000003,21.919354838709676,21.736666666666668,21.054838709677416,21.312903225806444,22.30333333333333,0.0,0.0,0.0,94.0,93.0,92.0,0.0,0.0,0.0,0.0,0.0,0.0,0.0,0.0,0.0,1.2419354838709675,1.5714285714285714,1.8516129032258064,2.813333333333333,2.041935483870968,3.28,3.706451612903226,4.796774193548386,5.953333333333333,0.0,0.0,0.0
Karang Kates,Jawa Timur,415.5,219.2,379.0,185.9,264.8,85.60000000000001,14.2,167.3,69.4,0.0,0.0,0.0,26.054838709677423,26.35357142857143,26.5516129032258,26.110000000000003,26.07741935483871,25.660000000000004,24.325806451612912,25.112903225806456,25.866666666666664,0.0,0.0,0.0,85.48387096774194,83.42857142857143,84.29032258064517,82.83333333333333,85.80645161290323,82.1,82.54838709677419,80.09677419354838,80.58620689655173,0.0,0.0,0.0,3.9741935483870967,4.092857142857143,4.741935483870968,5.713333333333333,4.361290322580646,5.929999999999999,5.158064516129032,6.561290322580646,6.0,0.0,0.0,0.0
Kalianget,Jawa Timur,292.9,45.5,164.0,209.2,280.6,95.9,25.8,37.3,23.2,0.0,0.0,0.0,27.59354838709677,28.23928571428571,28.00967741935484,28.10666666666667,27.996774193548383,28.32333333333333,27.80967741935484,28.03225806451612,28.87,0.0,0.0,0.0,87.48387096774194,85.25,84.29032258064517,82.4,84.70967741935483,78.5,75.58064516129032,73.16129032258064,71.36666666666666,0.0,0.0,0.0,3.2193548387096778,4.896428571428572,4.741935483870968,6.216666666666667,5.254838709677419,6.140000000000001,7.061290322580645,7.654838709677419,7.48,0.0,0.0,0.0
Sawahan,Jawa Timur,649.3,291.79999999999995,679.0999999999999,450.5,517.7,196.5,59.0,84.9,8.3,0.0,0.0,0.0,23.525806451612898,23.43928571428572,23.870967741935488,23.896666666666665,23.941935483870967,24.12,23.564516129032263,23.887096774193548,24.84666666666666,0.0,0.0,0.0,89.51612903225806,89.57142857142857,86.96774193548387,85.73333333333333,88.48387096774194,83.16666666666667,79.7741935483871,77.16129032258064,74.66666666666667,0.0,0.0,0.0,2.325806451612904,3.1321428571428567,3.8806451612903214,5.14,4.993548387096774,5.866666666666668,6.7,7.058064516129033,6.5600000000000005,0.0,0.0,0.0
Banyuwangi,Jawa Timur,281.1,164.60000000000002,319.6,116.4,81.0,41.400000000000006,51.8,48.60000000000001,132.4,0.0,0.0,0.0,27.42903225806452,28.003571428571423,28.39677419354838,28.383333333333333,27.948387096774194,27.65333333333334,26.529032258064515,26.98064516129033,27.390000000000004,0.0,0.0,0.0,81.70967741935483,78.85714285714286,79.48387096774194,74.63333333333334,80.61290322580645,79.36666666666666,80.19354838709677,76.74193548387096,79.03333333333333,0.0,0.0,0.0,3.2677419354838717,4.339285714285714,5.425806451612903,7.090000000000001,4.7548387096774185,5.483333333333334,5.306451612903226,7.012903225806451,6.323333333333334,0.0,0.0,0.0
Stasiun Klimatologi Tangerang Selatan,Banten,295.40000000000003,183.30000000000004,363.1000000000001,330.5000000000001,237.7,345.3,182.9,319.8,326.40000000000003,0.0,0.0,0.0,27.29032258064516,27.339285714285715,27.96451612903227,28.17333333333334,28.261290322580656,27.97,28.01290322580645,27.66451612903226,28.03,0.0,0.0,0.0,82.6774193548387,83.75,82.03225806451613,81.73333333333333,82.38709677419355,83.03333333333333,76.12903225806451,78.29032258064517,77.2,0.0,0.0,0.0,3.032258064516129,3.517857142857142,3.500000000000001,4.319999999999999,4.574193548387096,4.136666666666668,5.16774193548387,5.625806451612904,4.946666666666667,0.0,0.0,0.0
Tangerang,Banten,505.3,199.1,294.9,119.8,189.0,252.3,240.8,330.70000000000005,347.2,0.0,0.0,0.0,27.43548387096774,27.542857142857144,28.08387096774193,28.42,28.71935483870968,28.12333333333333,28.10967741935484,27.751612903225805,28.266666666666666,0.0,0.0,0.0,83.25806451612904,83.67857142857143,82.19354838709677,81.2,80.7741935483871,81.03333333333333,79.06451612903226,80.38709677419355,78.26666666666667,0.0,0.0,0.0,3.403225806451613,3.396428571428572,3.5935483870967744,4.653333333333334,4.135483870967741,3.993333333333333,5.158064516129032,4.983870967741937,5.573333333333334,0.0,0.0,0.0
Serang,Banten,522.4,225.5,211.4,171.60000000000002,151.60000000000002,164.5,78.49999999999999,164.8,29.7,0.0,0.0,0.0,27.277419354838703,27.446428571428577,27.63870967741936,27.82333333333333,28.36451612903225,27.68333333333333,27.558064516129026,27.36451612903226,28.030000000000005,0.0,0.0,0.0,83.58064516129032,82.60714285714286,79.70967741935483,80.76666666666667,78.3225806451613,79.0,77.51612903225806,77.96774193548387,75.63333333333334,0.0,0.0,0.0,3.2774193548387087,4.492857142857144,7.851612903225807,7.943333333333332,7.796774193548388,7.666666666666667,7.996774193548387,7.567741935483871,7.583333333333333,0.0,0.0,0.0
Budiarto,Banten,199.9,144.39999999999998,304.2,270.1,217.5,218.4,254.8,237.3,189.7,0.0,0.0,0.0,26.66451612903225,26.682142857142857,27.18064516129032,27.12666666666666,27.47096774193548,27.00333333333334,26.89354838709677,26.52258064516129,26.879999999999992,0.0,0.0,0.0,83.35483870967742,84.57142857142857,83.16129032258064,83.8,82.80645161290323,82.4,80.58064516129032,81.90322580645162,81.63333333333334,0.0,0.0,0.0,2.777419354838709,3.2321428571428577,3.670967741935484,5.15,4.509677419354837,4.3100000000000005,5.125806451612904,5.374193548387097,4.696666666666666,0.0,0.0,0.0
Soekarno Hatta,Banten,527.3,245.00000000000003,154.4,168.0,173.4,212.0,220.8,173.89999999999998,215.5,0.0,0.0,0.0,27.251612903225805,27.310714285714287,27.75806451612904,27.84333333333333,28.14516129032258,27.54,27.49032258064516,27.151612903225804,27.750000000000007,0.0,0.0,0.0,82.25806451612904,82.57142857142857,82.19354838709677,82.43333333333334,82.19354838709677,82.66666666666667,79.35483870967742,81.3225806451613,78.96666666666667,0.0,0.0,0.0,4.03225806451613,4.214285714285714,3.7903225806451615,5.44,5.216129032258065,4.1866666666666665,5.803225806451613,5.783870967741935,5.806666666666668,0.0,0.0,0.0
"Balai Besar Meteorologi, Klimatologi, dan Geofisika Wilayah II",Banten,0.0,0.0,0.0,0.0,0.0,0.0,0.0,0.0,0.0,0.0,0.0,0.0,0.0,0.0,0.0,0.0,0.0,0.0,0.0,0.0,0.0,0.0,0.0,0.0,0.0,0.0,0.0,0.0,0.0,0.0,0.0,0.0,0.0,0.0,0.0,0.0,0.0,0.0,0.0,0.0,0.0,0.0,0.0,0.0,0.0,0.0,0.0,0.0
Ngurah Rai ,Bali,527.5,480.0,262.40000000000003,173.1,128.5,147.29999999999998,99.0,7.7,248.7,0.0,0.0,0.0,27.16451612903225,27.87857142857143,28.10322580645161,27.616666666666667,27.8483870967742,27.393333333333334,26.43870967741936,26.71290322580645,26.996666666666663,0.0,0.0,0.0,83.87096774193549,81.53571428571429,80.03225806451613,78.6,81.09677419354838,78.7,78.35483870967742,76.09677419354838,79.6,0.0,0.0,0.0,3.85483870967742,5.453571428571429,5.638709677419353,7.56,6.412903225806451,6.363333333333332,6.64516129032258,7.458064516129032,6.723333333333334,0.0,0.0,0.0
Sanglah,Bali,575.9,432.9,268.1,73.5,111.4,214.9,176.7,82.3,327.9,0.0,0.0,0.0,27.41612903225807,28.23214285714285,28.503225806451614,28.35333333333333,28.4,27.659999999999997,26.735483870967748,26.81290322580646,27.29,0.0,0.0,0.0,86.35483870967742,81.82142857142857,79.03225806451613,76.7,80.19354838709677,80.2,79.51612903225806,78.29032258064517,80.3,0.0,0.0,0.0,3.183870967741936,4.207142857142857,4.983870967741935,6.75,5.493548387096773,5.489999999999999,5.912903225806452,7.0032258064516135,6.316666666666667,0.0,0.0,0.0
Stasiun Klimatologi Jembrana,Bali,266.2,188.1,204.2,165.09999999999997,351.0000000000001,208.8,258.1,65.3,641.4,0.0,0.0,0.0,0.0,0.0,0.0,0.0,0.0,0.0,0.0,0.0,0.0,0.0,0.0,0.0,0.0,0.0,0.0,0.0,0.0,0.0,0.0,0.0,0.0,0.0,0.0,0.0,2.938709677419355,4.185714285714285,4.735483870967743,6.86,5.035483870967743,5.343333333333332,5.425806451612903,7.203225806451614,5.126666666666666,0.0,0.0,0.0
Mataram,NTB,0.0,0.0,0.0,0.0,0.0,0.0,0.0,0.0,0.0,0.0,0.0,0.0,0.0,0.0,0.0,0.0,0.0,0.0,0.0,0.0,0.0,0.0,0.0,0.0,0.0,0.0,0.0,0.0,0.0,0.0,0.0,0.0,0.0,0.0,0.0,0.0,0.0,0.0,0.0,0.0,0.0,0.0,0.0,0.0,0.0,0.0,0.0,0.0
Bandara Internasional Lombok,NTB,263.4,402.0,423.5,43.3,232.1,101.89999999999998,69.4,0.2,70.8,0.0,0.0,0.0,26.71290322580645,26.835714285714285,26.8483870967742,26.7,26.748387096774195,25.936666666666664,24.95161290322581,25.15483870967741,26.15,0.0,0.0,0.0,88.25806451612904,87.71428571428571,86.3225806451613,83.66666666666667,85.83870967741936,84.7,84.58064516129032,81.3225806451613,83.36666666666666,0.0,0.0,0.0,3.6354838709677417,4.557142857142857,4.754838709677419,7.103333333333333,5.812903225806451,6.46,6.687096774193549,7.55483870967742,6.8166666666666655,0.0,0.0,0.0
Stasiun Klimatologi Lombok Barat,NTB,254.1,376.80000000000007,349.69999999999993,150.0,188.40000000000003,48.6,146.3,31.6,119.1,0.0,0.0,0.0,0.0,0.0,0.0,0.0,0.0,0.0,0.0,0.0,0.0,0.0,0.0,0.0,0.0,0.0,0.0,0.0,0.0,0.0,0.0,0.0,0.0,0.0,0.0,0.0,4.154838709677419,4.9750000000000005,5.006451612903225,6.620000000000001,5.854838709677418,6.739999999999999,6.903225806451612,6.970967741935484,6.566666666666666,0.0,0.0,0.0
Sultan Muhammad Kaharudin,NTB,278.7,187.1,258.4,105.3,95.9,18.0,0.0,9.6,43.6,0.0,0.0,0.0,27.01290322580645,26.96428571428572,26.854838709677416,27.11,27.74516129032258,27.226666666666667,26.73225806451613,26.983870967741936,27.660000000000004,0.0,0.0,0.0,87.12903225806451,87.75,87.2258064516129,81.13333333333334,81.74193548387096,76.5,74.54838709677419,71.25806451612904,73.23333333333333,0.0,0.0,0.0,4.183870967741936,4.957142857142857,4.741935483870968,6.893333333333334,6.8193548387096765,6.67,7.490322580645162,7.867741935483871,7.046666666666668,0.0,0.0,0.0
Sultan Muhammad Salahudin,NTB,289.3999999999999,137.09999999999997,66.5,152.5,38.2,48.2,7.8,0.0,17.5,0.0,0.0,0.0,27.22903225806451,27.267857142857142,27.396774193548385,27.226666666666663,27.61290322580645,27.09333333333333,26.216129032258067,26.632258064516137,27.84666666666666,0.0,0.0,0.0,87.83870967741936,86.28571428571429,84.80645161290323,82.43333333333334,82.3225806451613,78.9,77.93548387096774,72.87096774193549,73.9,0.0,0.0,0.0,4.05483870967742,4.485714285714286,4.919354838709678,7.066666666666666,6.648387096774193,5.813333333333333,7.206451612903226,7.635483870967741,6.890000000000001,0.0,0.0,0.0
Komodo,NTT,431.5999999999999,222.8,237.1,59.3,103.5,33.599999999999994,28.4,0.0,78.9,0.0,0.0,0.0,27.519354838709678,27.39642857142857,27.667741935483868,27.65333333333333,27.89032258064516,27.526666666666667,26.929032258064503,26.819354838709675,26.86666666666667,0.0,0.0,0.0,87.0,87.10714285714286,84.93548387096774,77.76666666666667,78.03225806451613,73.5,70.74193548387096,68.54838709677419,76.83333333333333,0.0,0.0,0.0,4.548387096774195,4.414285714285714,6.106451612903224,7.1866666666666665,7.306451612903226,6.11,7.135483870967742,7.761290322580645,7.036666666666666,0.0,0.0,0.0
Frans Sales Lega,NTT,757.2000000000002,605.9,604.2,238.40000000000003,413.9,99.7,108.4,33.10000000000001,431.2,0.0,0.0,0.0,20.2483870967742,20.378571428571423,20.448387096774194,20.266666666666666,20.322580645161285,19.58666666666666,18.93548387096774,18.76129032258065,19.486666666666665,0.0,0.0,0.0,93.7741935483871,91.75,90.96774193548389,87.66666666666667,91.16129032258064,87.93333333333334,85.70967741935483,80.80645161290323,82.66666666666667,0.0,0.0,0.0,2.532258064516129,2.714285714285714,3.841935483870968,6.256666666666666,5.296774193548389,4.996666666666667,6.270967741935484,7.14516129032258,6.043333333333334,0.0,0.0,0.0
Fransiskus Xaverius Seda,NTT,303.40000000000003,61.8,56.1,98.2,124.70000000000002,14.0,0.0,0.0,15.8,0.0,0.0,0.0,27.58064516129032,27.303571428571423,27.503225806451614,28.026666666666667,27.91612903225807,27.356666666666666,26.858064516129037,27.1483870967742,28.399999999999995,0.0,0.0,0.0,87.90322580645162,87.64285714285714,87.03225806451613,80.56666666666666,82.35483870967742,78.3,76.51612903225806,72.2258064516129,72.26666666666667,0.0,0.0,0.0,4.2225806451612895,3.5857142857142854,4.874193548387097,6.72,6.596774193548388,5.89,7.3032258064516125,7.732258064516128,7.540000000000001,0.0,0.0,0.0
Gewayantana,NTT,472.6,431.8,265.00000000000006,165.20000000000002,139.3,21.0,22.5,0.2,4.2,0.0,0.0,0.0,28.158064516129038,28.246428571428567,28.548387096774192,28.73,29.09354838709677,28.50666666666667,28.080645161290327,28.435483870967737,29.260000000000005,0.0,0.0,0.0,84.38709677419355,82.60714285714286,82.58064516129032,79.16666666666667,76.70967741935483,74.2,72.48387096774194,68.2258064516129,70.8,0.0,0.0,0.0,3.209677419354838,2.8142857142857145,4.535483870967742,6.029999999999999,6.409677419354838,5.359999999999999,6.838709677419355,7.2935483870967746,7.233333333333332,0.0,0.0,0.0
Mali,NTT,266.0,276.5,235.0,68.4,30.000000000000004,58.400000000000006,5.2,0.0,2.0,0.0,0.0,0.0,28.048387096774192,27.589285714285715,27.932258064516123,27.8,27.87741935483871,27.32,26.86129032258064,26.83225806451613,27.92,0.0,0.0,0.0,86.19354838709677,87.28571428571429,84.90322580645162,81.53333333333333,81.6774193548387,79.86666666666666,76.35483870967742,72.38709677419355,72.53333333333333,0.0,0.0,0.0,4.767741935483873,4.45,7.564516129032258,7.503333333333334,7.899999999999999,7.989999999999999,8.0,8.0,7.963333333333334,0.0,0.0,0.0
Umbu Mehang Kunda,NTT,249.0,144.5,56.50000000000001,107.6,174.9,0.0,0.0,0.0,0.0,0.0,0.0,0.0,27.574193548387104,27.478571428571428,28.06774193548387,27.14,27.248148148148143,0.0,26.35555555555556,25.69354838709678,27.313333333333333,0.0,0.0,0.0,84.64516129032258,84.07142857142857,81.35483870967742,82.56666666666666,82.51851851851852,0.0,79.88888888888889,75.83870967741936,76.06666666666666,0.0,0.0,0.0,4.125806451612903,4.371428571428572,5.496774193548387,6.760000000000001,5.85925925925926,0.0,6.855555555555556,7.432258064516129,7.3,0.0,0.0,0.0
Eltari,NTT,575.2,357.29999999999995,285.50000000000006,165.9,87.39999999999999,0.7,0.5,0.0,3.8,0.0,0.0,0.0,27.203225806451613,27.60714285714286,27.725806451612904,27.4,27.487096774193542,26.436666666666664,26.177419354838705,26.59677419354839,28.143333333333334,0.0,0.0,0.0,88.6774193548387,87.35714285714286,87.38709677419355,82.7,76.70967741935483,74.4,76.12903225806451,70.7741935483871,72.56666666666666,0.0,0.0,0.0,3.770967741935484,4.357142857142857,5.080645161290324,6.346666666666666,6.887096774193548,7.79,7.909677419354838,7.796774193548386,7.91,0.0,0.0,0.0
Stasiun Klimatologi Kupang,NTT,624.3000000000002,319.0,294.5,160.7,82.6,0.0,0.2,1.3,2.2,0.0,0.0,0.0,27.53225806451612,28.025,27.9,27.41,27.62903225806452,26.75333333333333,26.458064516129035,26.65806451612903,28.02666666666668,0.0,0.0,0.0,87.6774193548387,85.46428571428571,86.48387096774194,83.93333333333334,79.64516129032258,76.8,75.29032258064517,70.93548387096774,71.13333333333334,0.0,0.0,0.0,4.238709677419354,5.242857142857142,4.674193548387098,6.686666666666666,6.732258064516129,7.303333333333333,7.296774193548386,7.816129032258064,7.923333333333333,0.0,0.0,0.0
David Constatijn Saudale,NTT,708.5999999999999,484.30000000000007,309.4,170.60000000000002,128.79999999999998,6.5,8.8,0.0,46.8,0.0,0.0,0.0,26.854838709677427,27.03571428571428,27.01290322580645,26.49000000000001,26.82258064516129,25.796666666666667,25.200000000000003,25.75161290322581,26.79666666666666,0.0,0.0,0.0,91.7741935483871,90.42857142857144,90.51612903225806,88.13333333333334,83.74193548387096,80.33333333333333,84.06451612903226,75.35483870967742,80.26666666666667,0.0,0.0,0.0,3.758064516129032,5.025,4.325806451612904,6.356666666666667,7.041935483870968,7.170000000000001,7.4806451612903215,7.935483870967742,7.733333333333333,0.0,0.0,0.0
Tardamu,NTT,351.0,311.6,327.20000000000005,110.0,37.0,1.2,0.0,0.8,0.4,0.0,0.0,0.0,28.238709677419354,28.235714285714288,28.50645161290322,28.04666666666667,28.335483870967742,27.49666666666667,26.70645161290323,26.848387096774196,28.233333333333334,0.0,0.0,0.0,86.48387096774194,84.5,81.6774193548387,79.06666666666666,75.38709677419355,70.03333333333333,71.61290322580645,69.12903225806451,70.66666666666667,0.0,0.0,0.0,4.151612903225807,5.235714285714287,6.558064516129034,7.543333333333334,7.741935483870968,7.690000000000001,7.980645161290322,7.780645161290323,7.963333333333334,0.0,0.0,0.0
Paloh,Kalimantan Barat,878.0000000000001,153.9,325.99999999999994,335.8,121.2,237.6,45.5,78.1,397.6,0.0,0.0,0.0,25.887096774193548,26.04642857142857,26.445161290322584,27.40333333333334,28.55161290322581,28.283333333333328,28.267741935483876,27.316129032258065,27.306666666666665,0.0,0.0,0.0,93.64516129032258,90.28571428571428,90.64516129032258,87.1,83.06451612903226,82.36666666666666,81.6774193548387,83.35483870967742,85.86666666666666,0.0,0.0,0.0,1.5290322580645166,2.978571428571428,6.025806451612904,7.426666666666666,7.935483870967742,7.8066666666666675,7.829032258064517,7.725806451612903,7.826666666666667,0.0,0.0,0.0
Nangapinoh,Kalimantan Barat,426.6000000000001,136.2,452.80000000000007,316.00000000000006,260.20000000000005,258.2,164.59999999999997,445.5999999999999,617.8,0.0,0.0,0.0,27.070967741935487,27.435714285714287,27.55483870967742,27.203333333333333,27.89354838709677,27.46666666666668,28.193548387096776,27.087096774193547,27.496666666666663,0.0,0.0,0.0,84.61290322580645,81.5,82.93548387096774,83.36666666666666,82.09677419354838,81.73333333333333,77.87096774193549,81.96774193548387,81.4,0.0,0.0,0.0,3.770967741935484,4.275,4.783870967741936,4.719999999999999,5.712903225806452,4.680000000000001,6.267741935483871,5.761290322580644,5.19,0.0,0.0,0.0
Susilo,Kalimantan Barat,278.1000000000001,232.00000000000003,370.4,201.4,134.89999999999998,317.5,134.9,174.59999999999997,320.6,0.0,0.0,0.0,26.26129032258064,26.821428571428573,26.96129032258065,26.74,27.380645161290325,26.783333333333328,27.348387096774196,26.60967741935484,26.80333333333333,0.0,0.0,0.0,89.7741935483871,88.10714285714286,88.25806451612904,88.33333333333333,87.35483870967742,88.1,86.0,86.83870967741936,86.86666666666666,0.0,0.0,0.0,2.2258064516129026,1.8678571428571424,3.0451612903225804,3.9266666666666663,5.209677419354839,3.92,5.625806451612903,4.138709677419354,3.2833333333333337,0.0,0.0,0.0
Pangsuma,Kalimantan Barat,613.4000000000001,380.5,702.8,418.40000000000015,326.6,228.8,281.00000000000006,366.6,415.3999999999999,0.0,0.0,0.0,26.954838709677414,27.321428571428573,27.425806451612907,27.46333333333333,28.04516129032258,27.486666666666665,27.95483870967741,27.148387096774197,27.366666666666667,0.0,0.0,0.0,86.03225806451613,84.28571428571429,84.80645161290323,84.36666666666666,83.35483870967742,83.6,81.0,82.41935483870968,83.66666666666667,0.0,0.0,0.0,3.1967741935483875,4.05,4.635483870967742,5.153333333333333,5.293548387096775,4.933333333333334,6.2612903225806456,4.66774193548387,4.046666666666668,0.0,0.0,0.0
Supadio,Kalimantan Barat,535.9000000000001,182.4,354.1,183.2,175.7,76.50000000000001,54.2,529.6999999999998,486.6,0.0,0.0,0.0,26.22258064516129,26.625,26.93870967741935,26.61,27.99354838709677,27.54666666666666,27.73225806451613,26.55483870967742,27.116666666666667,0.0,0.0,0.0,88.48387096774194,85.53571428571429,86.74193548387096,87.1,82.29032258064517,81.93333333333334,81.6774193548387,84.80645161290323,84.43333333333334,0.0,0.0,0.0,3.7774193548387096,4.964285714285714,4.290322580645162,5.306666666666667,6.206451612903226,5.933333333333335,6.374193548387097,5.048387096774193,5.19,0.0,0.0,0.0
Stasiun Klimatologi Mempawah,Kalimantan Barat,347.6000000000001,210.50000000000003,291.7,162.2,75.4,100.0,49.7,249.1,336.90000000000003,0.0,0.0,0.0,26.677419354838708,26.799999999999997,27.21612903225806,27.46,28.66451612903225,27.946666666666665,27.98709677419356,27.019354838709678,27.296666666666678,0.0,0.0,0.0,88.48387096774194,87.14285714285714,88.16129032258064,85.73333333333333,83.16129032258064,83.93333333333334,83.25806451612904,86.09677419354838,86.16666666666667,0.0,0.0,0.0,3.312903225806452,4.778571428571428,3.8354838709677415,5.24,6.770967741935484,6.22,6.538709677419354,4.396774193548388,4.220000000000001,0.0,0.0,0.0
Maritim Pontianak,Kalimantan Barat,369.3,165.79999999999998,361.9000000000001,177.60000000000002,170.29999999999995,236.5,45.8,443.9,384.9,0.0,0.0,0.0,26.829032258064515,27.20357142857143,27.56129032258064,27.67666666666667,28.967741935483875,28.53666666666667,28.854838709677423,27.393548387096786,27.500000000000004,0.0,0.0,0.0,85.96774193548387,83.21428571428571,84.61290322580645,83.56666666666666,79.51612903225806,79.13333333333334,78.09677419354838,82.7741935483871,83.2,0.0,0.0,0.0,2.232258064516129,3.9892857142857134,3.829032258064516,4.706666666666666,5.964516129032258,5.19,6.04516129032258,3.519354838709677,3.9700000000000006,0.0,0.0,0.0
Rahadi Oesman,Kalimantan Barat,564.1999999999999,139.5,426.9,260.9,144.39999999999998,585.0000000000001,89.30000000000001,254.4,540.4,0.0,0.0,0.0,27.47096774193548,27.85357142857143,27.635483870967747,28.096666666666657,28.75483870967741,28.339999999999996,28.467741935483872,27.68064516129032,27.55,0.0,0.0,0.0,84.12903225806451,80.96428571428571,83.93548387096774,81.8,79.74193548387096,81.36666666666666,80.25806451612904,80.41935483870968,82.73333333333333,0.0,0.0,0.0,3.335483870967743,5.807142857142857,7.596774193548387,7.843333333333333,7.82258064516129,7.786666666666667,7.906451612903226,7.745161290322581,7.31,0.0,0.0,0.0
Beringin,Kalimantan Tengah,310.7,337.1000000000001,490.7000000000001,616.3,407.4,175.90000000000003,133.3,284.1,246.6,0.0,0.0,0.0,26.693548387096783,27.02142857142857,27.25483870967741,27.130000000000003,27.88387096774193,27.383333333333336,27.654838709677414,27.00967741935484,27.60333333333333,0.0,0.0,0.0,88.61290322580645,87.03571428571429,85.83870967741936,86.93333333333334,84.70967741935483,85.2,83.93548387096774,85.0,83.43333333333334,0.0,0.0,0.0,3.0903225806451613,2.8892857142857147,3.993548387096773,3.8466666666666662,5.361290322580645,3.9566666666666666,4.216129032258064,4.980645161290322,4.973333333333333,0.0,0.0,0.0
Iskandar,Kalimantan Tengah,343.79999999999995,216.3,519.3999999999999,200.7,451.6,207.5,188.6,178.29999999999998,622.8,0.0,0.0,0.0,26.200000000000006,27.18928571428572,26.85483870967742,27.000000000000004,27.6,26.826666666666668,27.23225806451613,26.62903225806452,26.616666666666667,0.0,0.0,0.0,88.61290322580645,83.92857142857143,87.70967741935483,86.9,85.35483870967742,87.1,83.16129032258064,85.58064516129032,86.76666666666667,0.0,0.0,0.0,3.4419354838709677,4.796428571428571,3.983870967741936,4.753333333333333,6.20967741935484,5.253333333333332,6.248387096774194,5.312903225806452,5.056666666666668,0.0,0.0,0.0
H. Asan,Kalimantan Tengah,241.1,153.9,391.19999999999993,345.90000000000003,274.2,211.6,46.99999999999999,319.8,401.4,0.0,0.0,0.0,26.496774193548383,27.16428571428572,27.187096774193545,26.986666666666665,27.648387096774183,27.03000000000001,27.20322580645162,26.641935483870963,27.026666666666674,0.0,0.0,0.0,88.61290322580645,85.46428571428571,84.48387096774194,85.26666666666667,83.25806451612904,83.73333333333333,82.06451612903226,83.83870967741936,83.2,0.0,0.0,0.0,2.9677419354838706,3.117857142857143,4.087096774193548,4.1466666666666665,5.438709677419354,4.093333333333333,5.419354838709677,4.519354838709678,4.860000000000001,0.0,0.0,0.0
Sanggu,Kalimantan Tengah,280.1000000000001,248.6,423.3999999999999,445.5,293.50000000000006,339.0,67.6,264.4,366.9,0.0,0.0,0.0,26.532258064516128,26.892857142857142,27.006451612903227,27.02,27.783870967741937,27.276666666666674,27.53870967741935,26.729032258064517,27.05666666666668,0.0,0.0,0.0,89.25806451612904,88.32142857142857,88.12903225806451,87.96666666666667,86.6774193548387,87.1,84.7741935483871,86.87096774193549,86.0,0.0,0.0,0.0,1.9903225806451608,1.7392857142857143,2.790322580645161,3.296666666666667,4.570967741935484,2.9699999999999998,3.8516129032258073,2.429032258064517,3.49,0.0,0.0,0.0
Tjilik Riwut,Kalimantan Tengah,611.8,158.09999999999997,375.0,415.1,311.7,124.6,39.0,239.0,177.59999999999997,0.0,0.0,0.0,27.206451612903223,27.828571428571426,27.79354838709677,27.786666666666665,28.44838709677419,28.020000000000007,28.241935483870968,27.50645161290323,28.11,0.0,0.0,0.0,85.0,82.5,83.70967741935483,83.53333333333333,83.03225806451613,82.2,79.45161290322581,81.90322580645162,80.7,0.0,0.0,0.0,3.448387096774194,2.9107142857142856,3.7903225806451606,3.97,5.254838709677419,4.703333333333334,5.054838709677421,4.551612903225807,4.876666666666667,0.0,0.0,0.0
Syamsudin Noor,Kalimantan Selatan,683.5000000000001,306.00000000000006,341.4,268.6,64.5,188.7,87.8,218.6,102.7,0.0,0.0,0.0,26.667741935483864,26.903571428571432,27.099999999999994,27.07,27.812903225806448,26.90999999999999,26.870967741935484,26.45483870967741,27.01333333333333,0.0,0.0,0.0,88.38709677419355,87.0,86.90322580645162,86.0,83.80645161290323,85.0,81.90322580645162,85.0,83.8,0.0,0.0,0.0,2.5387096774193547,3.2392857142857143,3.75483870967742,4.753333333333332,5.861290322580645,4.71,5.17741935483871,4.567741935483872,5.06,0.0,0.0,0.0
Stasiun Klimatologi Banjar Baru,Kalimantan Selatan,692.1,287.3,416.4,293.4,67.4,156.20000000000002,80.89999999999999,205.30000000000004,222.8,0.0,0.0,0.0,0.0,0.0,0.0,0.0,0.0,0.0,0.0,0.0,0.0,0.0,0.0,0.0,0.0,0.0,0.0,0.0,0.0,0.0,0.0,0.0,0.0,0.0,0.0,0.0,3.1870967741935488,3.082142857142857,3.4838709677419355,4.47,5.525806451612902,4.499999999999999,5.280645161290322,4.2129032258064525,5.183333333333334,0.0,0.0,0.0
Gusti Syamsir Alam,Kalimantan Selatan,500.6,130.0,320.7999999999999,373.0,274.0,265.6,108.4,226.6,306.40000000000003,0.0,0.0,0.0,26.9741935483871,27.257142857142856,27.1,27.12,27.396774193548392,26.936666666666664,26.622580645161293,26.41290322580645,27.063333333333333,0.0,0.0,0.0,85.12903225806451,83.85714285714286,86.12903225806451,85.73333333333333,86.29032258064517,86.93333333333334,84.96774193548387,86.45161290322581,84.76666666666667,0.0,0.0,0.0,3.703225806451613,4.046428571428572,5.6161290322580655,6.226666666666666,6.729032258064516,6.390000000000001,7.235483870967743,5.541935483870967,6.173333333333333,0.0,0.0,0.0
Kalimarau ,Kalimantan Timur,374.6,356.40000000000003,243.7,138.8,217.49999999999997,65.40000000000002,31.8,171.00000000000003,66.2,0.0,0.0,0.0,26.729032258064507,26.61428571428571,26.703225806451623,27.203333333333337,27.583870967741944,27.13333333333333,27.56206896551724,26.63225806451613,27.20666666666666,0.0,0.0,0.0,88.83870967741936,88.42857142857143,89.12903225806451,86.8,86.06451612903226,86.7,82.41379310344827,85.83870967741936,85.73333333333333,0.0,0.0,0.0,3.393548387096774,2.6535714285714285,5.658064516129032,4.566666666666667,5.970967741935484,4.593333333333333,6.3419354838709685,6.699999999999999,6.823333333333333,0.0,0.0,0.0
Temindung,Kalimantan Timur,316.3999999999999,191.6,215.1,221.5,392.8999999999999,90.8,118.3,251.1,267.3,0.0,0.0,0.0,26.59677419354839,26.84642857142857,27.070967741935483,26.986666666666665,27.02258064516129,26.646666666666665,26.77419354838709,26.309677419354838,26.67666666666667,0.0,0.0,0.0,87.16129032258064,84.75,85.09677419354838,84.96666666666667,86.64516129032258,86.56666666666666,82.74193548387096,85.45161290322581,85.76666666666667,0.0,0.0,0.0,7.445161290322581,7.632142857142858,7.174193548387096,7.6,7.193548387096773,7.54,7.65483870967742,7.638709677419354,7.5166666666666675,0.0,0.0,0.0
Sultan Aji Muhammad Sulaiman Sepinggan,Kalimantan Timur,545.7,157.5,402.6,277.1,247.1,290.4,143.5,198.0,345.1,0.0,0.0,0.0,26.96129032258065,27.45357142857143,27.332258064516136,27.34666666666666,27.99677419354839,27.29000000000001,27.241935483870968,26.82580645161291,27.250000000000004,0.0,0.0,0.0,84.3225806451613,81.21428571428571,83.35483870967742,83.63333333333334,82.83870967741936,84.0,84.2258064516129,84.87096774193549,84.73333333333333,0.0,0.0,0.0,3.867741935483872,3.775,4.029032258064516,3.753333333333333,5.3903225806451625,3.64,5.270967741935485,3.24516129032258,3.49,0.0,0.0,0.0
Nunukan,Kalimantan Utara,170.7,183.5,334.70000000000005,180.2,211.9,252.5,170.6,378.0,235.4,0.0,0.0,0.0,27.33225806451613,27.257142857142856,27.364516129032257,27.89333333333333,27.958064516129028,27.286666666666672,27.651612903225804,26.89032258064516,27.476666666666667,0.0,0.0,0.0,85.2258064516129,84.78571428571429,84.7741935483871,83.26666666666667,84.29032258064517,85.56666666666666,83.35483870967742,86.25806451612904,85.06666666666666,0.0,0.0,0.0,3.4,3.835714285714286,4.07741935483871,5.2,5.232258064516129,4.156666666666667,5.1,4.180645161290323,5.250000000000001,0.0,0.0,0.0
Yuvai Semaring,Kalimantan Utara,0.0,0.0,368.5,336.1,394.00000000000006,124.2,79.3,183.2,220.40000000000003,0.0,0.0,0.0,0.0,0.0,22.88387096774194,23.170000000000005,23.51290322580645,22.976666666666663,23.15483870967742,22.509677419354837,22.81666666666667,0.0,0.0,0.0,0.0,0.0,84.35483870967742,84.43333333333334,83.96774193548387,80.96666666666667,77.70967741935483,83.19354838709677,82.36666666666666,0.0,0.0,0.0,0.0,0.0,3.0161290322580645,4.136666666666667,4.193548387096774,4.47,4.319354838709677,3.729032258064516,3.7566666666666655,0.0,0.0,0.0
Juwata,Kalimantan Utara,621.3000000000001,254.20000000000005,151.0,360.4,322.00000000000006,338.4,229.6,366.6,368.6,0.0,0.0,0.0,27.0516129032258,27.13214285714285,27.29032258064516,27.82,28.216129032258067,27.55333333333333,27.96774193548387,27.10322580645161,27.666666666666664,0.0,0.0,0.0,86.70967741935483,86.28571428571429,85.70967741935483,84.2,82.87096774193549,84.66666666666667,81.6774193548387,84.80645161290323,82.8,0.0,0.0,0.0,3.9903225806451608,4.003571428571429,5.851612903225806,6.14,7.212903225806452,6.683333333333334,6.3741935483870975,6.064516129032257,6.756666666666667,0.0,0.0,0.0
Tanjung Harapan,Kalimantan Utara,431.1,281.99999999999994,233.3,231.3,196.0,355.20000000000005,273.6,214.2,194.20000000000005,0.0,0.0,0.0,26.99354838709678,26.97142857142857,27.15161290322581,27.64333333333333,27.977419354838712,27.47,28.064516129032263,27.283870967741933,27.709999999999997,0.0,0.0,0.0,86.87096774193549,86.21428571428571,84.45161290322581,82.7,81.58064516129032,84.1,80.0,82.2258064516129,82.3,0.0,0.0,0.0,3.193548387096774,3.1,4.464516129032258,4.97,6.680645161290322,5.046666666666667,6.648387096774194,5.903225806451613,4.013333333333333,0.0,0.0,0.0
Naha,Sulawesi Utara,541.9,450.30000000000007,465.2000000000001,312.30000000000007,356.8,322.1,231.30000000000004,179.99999999999997,178.5,0.0,0.0,0.0,27.26774193548387,26.728571428571428,27.31290322580646,27.62666666666667,27.845161290322583,27.556666666666665,28.000000000000004,26.983870967741943,27.51,0.0,0.0,0.0,87.3225806451613,88.67857142857143,87.38709677419355,85.46666666666667,85.06451612903226,83.33333333333333,80.64516129032258,83.45161290322581,83.53333333333333,0.0,0.0,0.0,4.754838709677419,3.360714285714285,4.661290322580646,5.369999999999999,6.125806451612903,5.086666666666667,5.2451612903225815,4.174193548387097,5.986666666666666,0.0,0.0,0.0
Winangun,Sulawesi Utara,251.2,85.30000000000001,479.9,213.4,512.3999999999999,147.0,55.49999999999999,175.6,108.4,0.0,0.0,0.0,23.100000000000005,23.175,22.86774193548387,23.09,23.493548387096777,23.30333333333333,23.48064516129032,22.73225806451613,23.313333333333336,0.0,0.0,0.0,90.09677419354838,87.14285714285714,90.3225806451613,89.3,90.03225806451613,87.4,84.93548387096774,87.96774193548387,87.43333333333334,0.0,0.0,0.0,2.7935483870967746,3.4750000000000014,3.0129032258064514,3.3233333333333346,3.4516129032258065,3.6033333333333326,5.248387096774193,3.525806451612904,4.8566666666666665,0.0,0.0,0.0
Stasiun Klimatologi Kayuwatu,Sulawesi Utara,473.0,308.20000000000005,768.1999999999999,456.2,290.00000000000006,213.9,156.6,123.2,159.4,0.0,0.0,0.0,26.258064516129032,26.34285714285715,26.287096774193547,26.533333333333328,27.06451612903225,27.10333333333333,27.9,26.91290322580645,27.139999999999997,0.0,0.0,0.0,89.48387096774194,88.10714285714286,88.41935483870968,86.83333333333333,85.51612903225806,81.86666666666666,76.06451612903226,80.25806451612904,81.53333333333333,0.0,0.0,0.0,3.5451612903225804,3.585714285714286,3.848387096774193,4.653333333333333,5.274193548387098,4.676666666666667,5.864516129032259,4.390322580645161,5.716666666666667,0.0,0.0,0.0
Sam Ratulangi,Sulawesi Utara,448.8,193.8,671.4000000000001,366.3,343.99999999999994,210.3,164.0,88.4,253.7,0.0,0.0,0.0,26.63225806451613,26.70000000000001,26.60322580645162,26.89666666666666,27.358064516129037,27.316666666666663,27.69032258064517,27.04516129032258,27.233333333333327,0.0,0.0,0.0,89.38709677419355,88.35714285714286,88.90322580645162,87.13333333333334,86.45161290322581,83.26666666666667,79.74193548387096,81.2258064516129,82.6,0.0,0.0,0.0,3.609677419354839,3.6607142857142847,3.9258064516129023,4.626666666666667,5.625806451612903,5.2366666666666655,5.993548387096776,4.148387096774194,5.156666666666667,0.0,0.0,0.0
Maritim Bitung,Sulawesi Utara,398.4,128.4,390.5999999999999,107.1,392.0000000000001,150.79999999999998,91.1,313.6,90.6,0.0,0.0,0.0,27.774193548387093,28.321428571428573,27.835483870967742,28.08,27.619354838709672,27.66333333333333,28.02258064516129,27.26129032258064,28.07999999999999,0.0,0.0,0.0,83.7741935483871,79.17857142857143,83.0,81.36666666666666,84.7741935483871,81.96666666666667,79.3225806451613,82.06451612903226,78.03333333333333,0.0,0.0,0.0,5.193548387096774,4.614285714285714,5.048387096774195,5.076666666666666,4.864516129032258,4.573333333333333,5.3,4.54516129032258,5.849999999999999,0.0,0.0,0.0
Sultan Bantilan,Sulawesi Tengah,594.6,195.7,511.5,241.3,353.0,217.1,129.9,237.2,289.5,0.0,0.0,0.0,26.81612903225807,26.85,26.796774193548387,26.99333333333333,27.91612903225807,27.510000000000005,27.63870967741936,26.425806451612903,27.05333333333333,0.0,0.0,0.0,90.48387096774194,89.42857142857143,89.06451612903226,87.93333333333334,86.64516129032258,85.63333333333334,85.80645161290323,86.54838709677419,84.7,0.0,0.0,0.0,4.209677419354839,2.960714285714286,4.416129032258064,3.47,6.470967741935483,5.156666666666667,5.751612903225806,4.52258064516129,5.026666666666666,0.0,0.0,0.0
Mutiara Sis-Al Jufri,Sulawesi Tengah,68.10000000000001,26.7,74.6,68.90000000000002,48.400000000000006,131.19999999999996,78.7,104.8,80.5,0.0,0.0,0.0,27.341935483870973,27.642857142857142,27.706451612903223,27.186666666666667,28.1258064516129,27.143333333333324,27.212903225806453,26.906451612903226,27.360000000000003,0.0,0.0,0.0,81.2258064516129,78.67857142857143,81.0,84.83333333333333,80.7741935483871,82.46666666666667,83.3225806451613,84.74193548387096,83.56666666666666,0.0,0.0,0.0,3.990322580645162,3.1714285714285717,4.183870967741935,3.98,5.070967741935484,4.17,4.887096774193548,3.85483870967742,4.64,0.0,0.0,0.0
Palu,Sulawesi Tengah,0.0,0.0,0.0,0.0,0.0,0.0,0.0,0.0,0.0,0.0,0.0,0.0,0.0,0.0,0.0,0.0,0.0,0.0,0.0,0.0,0.0,0.0,0.0,0.0,0.0,0.0,0.0,0.0,0.0,0.0,0.0,0.0,0.0,0.0,0.0,0.0,0.0,0.0,0.0,0.0,0.0,0.0,0.0,0.0,0.0,0.0,0.0,0.0
Syukuran Aminudin Amir,Sulawesi Tengah,0.0,0.0,0.0,0.0,0.0,0.0,0.0,0.0,0.0,0.0,0.0,0.0,0.0,0.0,0.0,0.0,0.0,0.0,0.0,0.0,0.0,0.0,0.0,0.0,0.0,0.0,0.0,0.0,0.0,0.0,0.0,0.0,0.0,0.0,0.0,0.0,0.0,0.0,0.0,0.0,0.0,0.0,0.0,0.0,0.0,0.0,0.0,0.0
Kasiguncu,Sulawesi Tengah,323.29999999999995,120.0,381.2,303.2,360.3,197.6,258.29999999999995,256.9,82.6,0.0,0.0,0.0,27.31290322580645,27.335714285714285,27.38064516129032,27.133333333333333,27.425806451612903,27.120000000000005,27.367741935483878,26.996774193548383,27.570000000000004,0.0,0.0,0.0,84.83870967741936,84.75,85.2258064516129,86.5,86.45161290322581,84.06666666666666,83.03225806451613,82.64516129032258,80.1,0.0,0.0,0.0,4.490322580645162,4.117857142857142,4.583870967741936,4.3566666666666665,4.9,4.213333333333334,5.270967741935484,4.377419354838709,6.306666666666668,0.0,0.0,0.0
Pongtiku,Sulawesi Selatan,273.90000000000003,224.10000000000005,241.4,378.19999999999993,262.79999999999995,262.4000000000001,65.20000000000002,94.8,92.1,0.0,0.0,0.0,22.70322580645161,22.93928571428572,22.90322580645161,22.756666666666668,22.66129032258064,22.08,21.91612903225806,21.73225806451613,22.300000000000004,0.0,0.0,0.0,90.6774193548387,88.32142857142857,90.12903225806453,91.5,91.96774193548389,91.33333333333331,91.19354838709675,89.87096774193549,89.16666666666667,0.0,0.0,0.0,4.164516129032258,3.7857142857142856,4.735483870967742,5.44,5.129032258064517,3.783333333333334,4.8903225806451625,4.909677419354839,5.363333333333332,0.0,0.0,0.0
Andi Jemma,Sulawesi Selatan,435.19999999999993,330.3,426.9,444.9,416.80000000000007,442.9999999999999,203.00000000000003,276.79999999999995,255.2,0.0,0.0,0.0,27.09677419354839,27.21071428571428,27.306451612903228,27.126666666666665,27.399999999999995,26.52333333333333,26.67096774193548,26.535483870967735,27.326666666666668,0.0,0.0,0.0,83.61290322580645,81.14285714285714,82.38709677419355,83.96666666666667,82.54838709677419,83.53333333333333,81.6774193548387,80.7741935483871,77.73333333333333,0.0,0.0,0.0,4.638709677419353,4.5321428571428575,7.793548387096774,7.33,7.9387096774193555,7.609999999999999,7.232258064516128,6.887096774193548,7.313333333333333,0.0,0.0,0.0
Hasanuddin,Sulawesi Selatan,790.4000000000001,749.6999999999999,409.6,250.39999999999992,89.39999999999999,136.0,91.4,26.4,16.599999999999998,0.0,0.0,0.0,26.33870967741936,26.56071428571429,26.66451612903225,27.15666666666668,27.74838709677419,26.976666666666667,26.858064516129037,27.416129032258063,28.33333333333333,0.0,0.0,0.0,85.45161290322581,83.32142857142857,83.06451612903226,80.7,79.58064516129032,79.03333333333333,75.38709677419355,70.09677419354838,68.06666666666666,0.0,0.0,0.0,3.4677419354838714,3.532142857142857,4.396774193548387,5.873333333333335,5.893548387096774,4.863333333333333,6.445161290322581,6.751612903225806,7.0600000000000005,0.0,0.0,0.0
Maritim Paotere,Sulawesi Selatan,752.3999999999999,530.2,430.4,132.99999999999997,54.2,164.20000000000002,50.6,1.8,29.6,0.0,0.0,0.0,26.754838709677426,26.882142857142856,27.006451612903227,27.366666666666664,28.1,27.25333333333333,27.19677419354839,27.62903225806452,28.276666666666667,0.0,0.0,0.0,86.70967741935483,85.71428571428571,84.70967741935483,83.53333333333333,81.25806451612904,81.06666666666666,77.96774193548387,72.48387096774194,71.8,0.0,0.0,0.0,3.287096774193548,3.6142857142857143,4.903225806451613,5.883333333333334,6.048387096774194,4.563333333333333,5.82258064516129,7.012903225806451,7.09,0.0,0.0,0.0
Stasiun Klimatologi Maros,Sulawesi Selatan,822.4,628.4,540.4,190.79999999999995,140.0,105.4,154.8,9.4,24.2,0.0,0.0,0.0,26.635483870967743,26.75,26.741935483870968,27.290000000000006,27.954838709677414,27.159999999999997,26.748387096774195,27.33870967741936,28.256666666666664,0.0,0.0,0.0,87.45161290322581,88.21428571428571,88.29032258064517,85.46666666666667,83.19354838709677,83.46666666666667,83.06451612903226,78.25806451612904,72.83333333333333,0.0,0.0,0.0,3.35483870967742,3.125,3.9741935483870967,4.12,5.6,4.346666666666666,5.9,6.390322580645161,7.116666666666666,0.0,0.0,0.0
Gowa,Sulawesi Selatan,0.0,0.0,0.0,0.0,0.0,0.0,0.0,0.0,0.0,0.0,0.0,0.0,0.0,0.0,0.0,0.0,0.0,0.0,0.0,0.0,0.0,0.0,0.0,0.0,0.0,0.0,0.0,0.0,0.0,0.0,0.0,0.0,0.0,0.0,0.0,0.0,0.0,0.0,0.0,0.0,0.0,0.0,0.0,0.0,0.0,0.0,0.0,0.0
Sangia Ni Bandera,Sulawesi Tenggara,151.10000000000002,180.8,185.9,298.5,375.1,184.6,189.6,77.50000000000001,185.5,0.0,0.0,0.0,28.54838709677419,28.803571428571438,28.654838709677417,28.24333333333333,28.15483870967742,27.37333333333333,27.26774193548387,27.445161290322588,28.35333333333333,0.0,0.0,0.0,82.6774193548387,81.03571428571429,81.93548387096774,83.93333333333334,83.93548387096774,82.96666666666667,80.83870967741936,77.58064516129032,75.4,0.0,0.0,0.0,3.9935483870967743,3.571428571428572,3.9645161290322575,4.796666666666667,4.825806451612904,2.866666666666667,4.535483870967742,5.3516129032258055,6.713333333333335,0.0,0.0,0.0
Maritim Kendari,Sulawesi Tenggara,263.40000000000003,123.3,187.5,322.69999999999993,108.9,380.1,41.3,150.7,41.1,0.0,0.0,0.0,27.93548387096774,27.77500000000001,28.25806451612904,27.719999999999995,27.716129032258078,26.67666666666667,26.641935483870974,26.47741935483871,27.21999999999999,0.0,0.0,0.0,85.3225806451613,85.75,84.90322580645162,85.93333333333334,86.51612903225806,88.56666666666666,85.41935483870968,83.96774193548387,82.26666666666667,0.0,0.0,0.0,4.26774193548387,3.125,4.583870967741936,4.496666666666666,3.435483870967742,3.126666666666666,4.274193548387097,5.2548387096774185,6.323333333333332,0.0,0.0,0.0
Kendari,Sulawesi Tenggara,0.0,0.0,0.0,0.0,0.0,0.0,0.0,0.0,0.0,0.0,0.0,0.0,0.0,0.0,0.0,0.0,0.0,0.0,0.0,0.0,0.0,0.0,0.0,0.0,0.0,0.0,0.0,0.0,0.0,0.0,0.0,0.0,0.0,0.0,0.0,0.0,0.0,0.0,0.0,0.0,0.0,0.0,0.0,0.0,0.0,0.0,0.0,0.0
Beto Ambari,Sulawesi Tenggara,291.8,186.4,236.0,111.0,156.29999999999998,384.2,109.40000000000002,8.1,24.0,0.0,0.0,0.0,27.35806451612903,27.657142857142865,27.61290322580645,27.363333333333333,26.91935483870968,25.866666666666667,26.01612903225807,26.464516129032265,27.809999999999995,0.0,0.0,0.0,88.96774193548387,86.96428571428571,87.41935483870968,87.3,90.3225806451613,90.7,85.64516129032258,78.87096774193549,72.93333333333334,0.0,0.0,0.0,3.5451612903225804,3.796428571428572,4.458064516129031,4.8500000000000005,4.17741935483871,2.876666666666667,4.245161290322581,5.367741935483871,6.353333333333334,0.0,0.0,0.0
Djalaluddin,Gorontalo,165.7,80.10000000000001,230.7,106.2,70.6,219.4,127.5,130.9,199.6,0.0,0.0,0.0,27.135483870967736,27.282142857142865,27.1483870967742,27.59333333333333,27.35483870967742,26.936666666666667,27.12258064516129,26.651612903225807,27.20333333333333,0.0,0.0,0.0,86.54838709677419,83.03571428571429,84.7741935483871,84.3,84.03225806451613,84.6,80.74193548387096,82.38709677419355,81.13333333333334,0.0,0.0,0.0,4.603225806451613,4.739285714285715,4.387096774193547,4.63,5.15483870967742,4.303333333333333,5.587096774193548,4.480645161290323,5.380000000000001,0.0,0.0,0.0
Majene,Sulawesi Barat,136.3,245.90000000000003,156.60000000000002,61.2,176.60000000000002,55.0,50.2,89.2,192.4,0.0,0.0,0.0,27.377419354838704,27.457142857142863,27.687096774193545,27.92333333333333,28.13225806451613,27.356666666666676,27.65806451612903,27.477419354838705,28.106666666666676,0.0,0.0,0.0,82.03225806451613,82.60714285714286,82.12903225806451,82.26666666666667,82.54838709677419,83.3,82.29032258064517,79.06451612903226,78.26666666666667,0.0,0.0,0.0,4.693548387096773,4.421428571428571,4.845161290322579,5.733333333333334,6.235483870967743,5.563333333333333,6.806451612903225,6.46451612903226,6.816666666666666,0.0,0.0,0.0
Namlea,Maluku,0.0,0.0,0.0,0.0,197.1,281.69999999999993,181.9,174.3,36.8,0.0,0.0,0.0,0.0,0.0,0.0,0.0,27.316129032258065,26.646666666666672,26.177419354838715,25.5516129032258,26.65,0.0,0.0,0.0,0.0,0.0,0.0,0.0,87.41935483870968,88.93333333333334,87.7741935483871,89.12903225806451,85.13333333333334,0.0,0.0,0.0,0.0,0.0,0.0,0.0,5.141935483870968,2.9400000000000004,3.780645161290322,3.893548387096774,6.083333333333333,0.0,0.0,0.0
Amahai,Maluku,214.7,119.49999999999996,148.0,136.1,309.4,506.7,755.1999999999999,765.1999999999999,460.00000000000006,0.0,0.0,0.0,27.070967741935487,27.457142857142856,27.348387096774196,27.346666666666668,27.08709677419355,26.016666666666666,25.65483870967742,25.4,25.916666666666668,0.0,0.0,0.0,87.19354838709677,84.07142857142857,83.12903225806451,84.0,86.96774193548387,89.53333333333333,90.87096774193547,90.83870967741936,89.73333333333333,0.0,0.0,0.0,5.619354838709677,5.082142857142856,5.680645161290323,5.926666666666667,5.780645161290322,4.206666666666667,2.8225806451612905,1.9774193548387096,4.3533333333333335,0.0,0.0,0.0
Pattimura,Maluku,258.40000000000003,319.1,176.89999999999998,289.99999999999994,820.8,1088.8,705.1999999999997,1408.2,758.4999999999999,0.0,0.0,0.0,27.306451612903228,27.307142857142853,27.287096774193557,27.016666666666676,26.700000000000003,25.670000000000005,25.4483870967742,25.351612903225803,26.24333333333333,0.0,0.0,0.0,84.58064516129032,83.85714285714286,84.96774193548387,86.0,88.48387096774194,90.06666666666666,90.58064516129032,90.83870967741936,87.7,0.0,0.0,0.0,5.003225806451612,4.625,5.06774193548387,4.043333333333333,3.648387096774193,0.9666666666666668,1.3064516129032258,0.7741935483870968,3.693333333333333,0.0,0.0,0.0
Stasiun Klimatologi Kairatu,Maluku,279.90000000000003,283.50000000000006,152.00000000000003,188.6,188.00000000000003,538.4,452.2,748.8000000000001,595.4999999999999,0.0,0.0,0.0,27.335483870967742,27.37857142857143,27.567741935483877,27.300000000000004,27.3,26.350000000000005,25.919354838709676,25.470967741935485,26.14666666666667,0.0,0.0,0.0,87.06451612903226,86.03571428571429,86.16129032258064,87.2,88.41935483870968,89.5,90.12903225806453,92.29032258064515,89.96666666666667,0.0,0.0,0.0,5.216129032258065,4.796428571428571,5.032258064516129,4.516666666666667,5.064516129032258,2.2366666666666664,2.829032258064516,1.5677419354838709,3.51,0.0,0.0,0.0
Karang Panjang,Maluku,0.0,0.0,0.0,0.0,0.0,0.0,0.0,0.0,0.0,0.0,0.0,0.0,0.0,0.0,0.0,0.0,0.0,0.0,0.0,0.0,0.0,0.0,0.0,0.0,0.0,0.0,0.0,0.0,0.0,0.0,0.0,0.0,0.0,0.0,0.0,0.0,0.0,0.0,0.0,0.0,0.0,0.0,0.0,0.0,0.0,0.0,0.0,0.0
Geser,Maluku,138.1,170.4,94.1,134.9,476.1,748.5999999999999,508.5999999999999,334.29999999999995,154.09999999999997,0.0,0.0,0.0,28.60967741935484,28.385714285714283,28.538709677419355,28.37,27.993548387096773,26.67333333333333,26.70645161290322,26.58064516129032,27.28666666666668,0.0,0.0,0.0,84.2258064516129,84.89285714285714,85.90322580645162,87.13333333333334,87.83870967741936,90.9,90.09677419354838,89.45161290322581,87.16666666666667,0.0,0.0,0.0,5.309677419354838,4.275,5.358064516129032,5.02,4.412903225806451,2.579999999999999,2.767741935483871,3.725806451612903,4.753333333333333,0.0,0.0,0.0
Bandaneira,Maluku,439.9,383.6000000000001,208.1,320.1,585.5,946.5999999999998,333.8,596.0999999999999,279.0,0.0,0.0,0.0,27.945161290322584,28.521428571428565,28.158064516129027,27.806666666666665,27.54193548387097,26.983333333333327,26.83225806451613,26.76774193548387,27.503333333333337,0.0,0.0,0.0,85.03225806451613,81.25,83.61290322580645,84.16666666666667,86.51612903225806,86.96666666666667,85.90322580645162,84.41935483870968,83.86666666666666,0.0,0.0,0.0,3.5838709677419347,3.853571428571428,5.09032258064516,4.733333333333333,4.109677419354839,1.7833333333333337,2.435483870967742,3.3000000000000003,5.056666666666666,0.0,0.0,0.0
Dumatubun Tual,Maluku,317.1,621.0,416.9,378.1,484.9000000000001,756.5,464.5,232.9,119.4,0.0,0.0,0.0,26.93870967741935,26.525,26.761290322580653,26.256666666666664,26.267741935483876,26.046666666666663,25.983870967741936,26.05161290322581,26.78666666666667,0.0,0.0,0.0,91.03225806451611,91.5,90.3225806451613,91.8,92.5483870967742,92.43333333333334,90.0,87.6774193548387,85.8,0.0,0.0,0.0,3.461290322580644,1.6214285714285717,3.545161290322581,2.1,2.341935483870968,1.6699999999999997,3.570967741935484,1.7677419354838708,3.923333333333333,0.0,0.0,0.0
Tual,Maluku,0.0,0.0,0.0,0.0,0.0,0.0,0.0,0.0,0.0,0.0,0.0,0.0,0.0,0.0,0.0,0.0,0.0,0.0,0.0,0.0,0.0,0.0,0.0,0.0,0.0,0.0,0.0,0.0,0.0,0.0,0.0,0.0,0.0,0.0,0.0,0.0,0.0,0.0,0.0,0.0,0.0,0.0,0.0,0.0,0.0,0.0,0.0,0.0
Mathilda Batlayeri,Maluku,286.7,574.8,198.2,80.5,489.4,287.1,26.9,14.4,20.9,0.0,0.0,0.0,27.75806451612903,27.500000000000004,27.83870967741936,27.973333333333333,27.322580645161292,26.896666666666672,26.516129032258057,26.63870967741936,27.33666666666666,0.0,0.0,0.0,88.87096774193549,87.85714285714286,87.7741935483871,86.6,86.70967741935483,85.0,84.25806451612904,79.6774193548387,81.66666666666667,0.0,0.0,0.0,4.306451612903226,4.4071428571428575,4.593548387096774,4.796666666666666,4.14516129032258,3.26,4.622580645161291,7.0129032258064505,7.21,0.0,0.0,0.0
Gamar Malamo,Maluku Utara,117.5,232.3,250.00000000000003,321.2,135.8,152.20000000000002,167.9,224.2,288.2,0.0,0.0,0.0,27.82258064516129,27.42142857142857,27.59354838709678,27.48,28.167741935483868,27.579999999999995,27.793548387096774,27.029032258064515,27.92666666666667,0.0,0.0,0.0,88.90322580645162,89.78571428571429,89.29032258064517,89.83333333333333,87.45161290322581,88.23333333333333,87.61290322580645,88.86666666666666,88.93103448275862,0.0,0.0,0.0,4.267741935483872,3.678571428571428,4.538709677419355,3.576666666666667,4.877419354838709,3.463333333333333,3.909677419354838,3.4774193548387085,4.903333333333333,0.0,0.0,0.0
Sultan Baabullah,Maluku Utara,272.9,239.8,567.6999999999999,140.39999999999998,301.6,415.2,126.40000000000002,284.2,228.8,0.0,0.0,0.0,27.23548387096774,27.58571428571429,27.383870967741935,27.520000000000003,27.69354838709677,27.23,27.487096774193557,26.777419354838703,27.27666666666666,0.0,0.0,0.0,89.80645161290323,89.42857142857143,89.7741935483871,88.56666666666666,89.09677419354838,88.4,86.83870967741936,87.80645161290323,87.33333333333333,0.0,0.0,0.0,4.383870967741935,4.539285714285714,5.025806451612904,4.2700000000000005,5.441935483870969,4.41,4.319354838709677,3.5225806451612898,5.496666666666667,0.0,0.0,0.0
Ternate,Maluku Utara,0.0,0.0,0.0,0.0,0.0,0.0,0.0,0.0,0.0,0.0,0.0,0.0,0.0,0.0,0.0,0.0,0.0,0.0,0.0,0.0,0.0,0.0,0.0,0.0,0.0,0.0,0.0,0.0,0.0,0.0,0.0,0.0,0.0,0.0,0.0,0.0,0.0,0.0,0.0,0.0,0.0,0.0,0.0,0.0,0.0,0.0,0.0,0.0
Oesman Sadik,Maluku Utara,95.6,194.5,378.9000000000001,262.7,200.8,460.7999999999999,76.30000000000001,358.79999999999995,98.59999999999998,0.0,0.0,0.0,26.76129032258064,27.03571428571429,26.92258064516129,26.67,26.67096774193548,26.133333333333333,26.26129032258064,25.49677419354838,25.980000000000004,0.0,0.0,0.0,85.03225806451613,83.17857142857143,84.93548387096774,85.43333333333334,86.38709677419355,87.43333333333334,85.64516129032258,88.54838709677419,86.96666666666667,0.0,0.0,0.0,4.770967741935484,4.810714285714285,5.480645161290322,4.953333333333333,7.203225806451612,5.820000000000001,6.509677419354838,5.019354838709678,5.723333333333333,0.0,0.0,0.0
Emalamo,Maluku Utara,183.7,154.3,134.9,201.4,416.2,263.9,141.79999999999998,278.8,147.29999999999998,0.0,0.0,0.0,28.380645161290328,28.18214285714286,28.345161290322583,27.976666666666667,28.232258064516127,27.636666666666667,27.764516129032256,27.087096774193554,27.723333333333336,0.0,0.0,0.0,84.61290322580645,84.71428571428571,84.70967741935483,85.53333333333333,86.35483870967742,86.83333333333333,85.09677419354838,87.09677419354838,85.76666666666667,0.0,0.0,0.0,5.2290322580645165,4.035714285714286,4.467741935483871,3.883333333333334,4.429032258064517,4.323333333333333,4.674193548387097,3.464516129032259,4.996666666666666,0.0,0.0,0.0
Seigun,Papua Barat,405.5,105.1,418.0,324.8,293.7,0.0,396.2,667.5,514.0000000000002,0.0,0.0,0.0,27.280645161290327,27.61428571428572,27.419354838709676,27.3,27.62903225806452,0.0,26.64838709677419,26.087096774193547,26.806666666666665,0.0,0.0,0.0,83.12903225806451,80.89285714285714,83.3225806451613,84.66666666666667,84.6774193548387,0.0,87.93548387096774,90.51612903225806,89.83333333333333,0.0,0.0,0.0,5.832258064516131,5.535714285714287,4.925806451612903,4.666666666666667,5.816129032258064,0.0,4.15483870967742,4.696774193548388,5.173333333333335,0.0,0.0,0.0
Sorong,Papua Barat,0.0,0.0,0.0,0.0,0.0,0.0,0.0,0.0,0.0,0.0,0.0,0.0,0.0,0.0,0.0,0.0,0.0,0.0,0.0,0.0,0.0,0.0,0.0,0.0,0.0,0.0,0.0,0.0,0.0,0.0,0.0,0.0,0.0,0.0,0.0,0.0,0.0,0.0,0.0,0.0,0.0,0.0,0.0,0.0,0.0,0.0,0.0,0.0
Rendani,Papua Barat,102.7,163.99999999999997,221.5,239.8,224.1,128.1,323.0999999999999,100.1,222.90000000000003,0.0,0.0,0.0,29.425806451612903,29.353571428571424,29.21290322580645,28.98333333333333,29.23225806451613,29.256666666666668,29.016129032258057,28.4741935483871,29.7,0.0,0.0,0.0,76.70967741935483,74.78571428571429,77.90322580645162,79.9,79.93548387096774,77.16666666666667,78.2258064516129,79.09677419354838,76.2,0.0,0.0,0.0,5.9347826086956506,3.889285714285714,4.012903225806451,3.18,4.496774193548388,5.026666666666668,3.806451612903226,3.525806451612904,5.37,0.0,0.0,0.0
Torea,Papua Barat,174.70000000000002,335.50000000000006,0.0,421.3,280.29999999999995,818.2000000000003,1104.5000000000002,696.8999999999999,770.1000000000003,0.0,0.0,0.0,26.796774193548384,26.932142857142857,0.0,26.409999999999997,26.48387096774193,25.84,25.66774193548387,25.46451612903225,26.10333333333333,0.0,0.0,0.0,87.35483870967742,85.17857142857143,0.0,87.56666666666666,87.83870967741936,89.33333333333333,89.80645161290323,90.38709677419357,88.36666666666666,0.0,0.0,0.0,4.290000000000002,3.921428571428572,0.0,3.2333333333333334,4.670967741935483,1.9400000000000008,2.796774193548387,3.509677419354839,4.1433333333333335,0.0,0.0,0.0
Stasiun Klimatologi Manokwari Selatan,Papua Barat,73.1,153.79999999999998,121.1,239.7,209.6,140.2,248.1,201.9,218.3,0.0,0.0,0.0,27.19354838709677,26.98928571428571,27.122580645161285,26.94666666666667,27.174193548387095,26.726666666666667,26.470967741935485,26.12258064516129,26.786666666666672,0.0,0.0,0.0,83.80645161290323,84.96428571428571,86.29032258064517,88.3,86.58064516129032,85.0,86.48387096774194,87.35483870967742,84.86666666666666,0.0,0.0,0.0,5.132258064516129,3.2178571428571425,3.9709677419354823,3.0466666666666664,4.987096774193549,4.543333333333334,3.7064516129032254,3.4741935483870963,4.99,0.0,0.0,0.0
Utarom,Papua Barat,310.4,131.7,304.4,232.2,319.40000000000003,345.0999999999999,348.8,388.7,179.2,0.0,0.0,0.0,28.49032258064516,28.467857142857145,28.464516129032265,28.306666666666672,27.796774193548387,27.299999999999997,26.65483870967742,26.361290322580647,27.10666666666667,0.0,0.0,0.0,83.29032258064517,81.21428571428571,83.3225806451613,82.8,87.58064516129032,87.16666666666667,88.35483870967742,87.41935483870968,86.13333333333334,0.0,0.0,0.0,4.774193548387096,4.557142857142857,4.619354838709678,4.85,5.070967741935484,4.24,3.6483870967741927,3.312903225806452,4.19,0.0,0.0,0.0
Frans Kaisiepo,Papua,196.2,314.70000000000005,396.9,307.2,321.69999999999993,332.50000000000006,447.0,256.1,299.6,0.0,0.0,0.0,27.59032258064516,27.37857142857143,27.51612903225806,27.28000000000001,27.06451612903225,26.953333333333337,26.677419354838705,26.66451612903226,27.136666666666667,0.0,0.0,0.0,87.3225806451613,86.71428571428571,86.80645161290323,87.46666666666667,90.03225806451613,89.06666666666666,89.06451612903226,89.3225806451613,88.3,0.0,0.0,0.0,5.080000000000001,3.6392857142857142,4.280645161290323,3.67,4.222580645161291,5.173333333333334,3.2193548387096778,4.47741935483871,5.33,0.0,0.0,0.0
Sudjarwo Tjondro Negoro,Papua,0.0,0.0,0.0,0.0,0.0,0.0,0.0,0.0,0.0,0.0,0.0,0.0,0.0,0.0,0.0,0.0,0.0,0.0,0.0,0.0,0.0,0.0,0.0,0.0,0.0,0.0,0.0,0.0,0.0,0.0,0.0,0.0,0.0,0.0,0.0,0.0,0.0,0.0,0.0,0.0,0.0,0.0,0.0,0.0,0.0,0.0,0.0,0.0
Mararena,Papua,228.6,0.0,0.0,0.0,0.0,0.0,0.0,0.0,0.0,0.0,0.0,0.0,27.928571428571438,0.0,0.0,0.0,0.0,0.0,0.0,0.0,0.0,0.0,0.0,0.0,89.5,0.0,0.0,0.0,0.0,0.0,0.0,0.0,0.0,0.0,0.0,0.0,6.325,0.0,0.0,0.0,0.0,0.0,0.0,0.0,0.0,0.0,0.0,0.0
Moanamani,Papua,391.4,278.1,565.4000000000001,204.00000000000003,383.4,299.6000000000001,349.30000000000007,626.1000000000001,464.4999999999999,0.0,0.0,0.0,27.19354838709677,27.31428571428572,27.27096774193549,27.19333333333334,27.25806451612903,27.01333333333333,26.651612903225804,26.667741935483864,26.776666666666674,0.0,0.0,0.0,84.70967741935483,82.21428571428571,84.29032258064517,83.53333333333333,85.0,83.9,84.09677419354838,83.35483870967742,84.2,0.0,0.0,0.0,6.170967741935486,6.032142857142858,6.103225806451613,5.27,6.190322580645162,6.106666666666666,5.309677419354839,4.741935483870967,6.016666666666667,0.0,0.0,0.0
Wamena Jaya Wijaya,Papua,156.8,283.5,296.0,437.0,190.29999999999995,101.0,139.60000000000002,125.7,172.40000000000003,0.0,0.0,0.0,20.248387096774195,19.800000000000004,19.951612903225808,19.736666666666665,20.25483870967741,19.526666666666667,19.17419354838709,19.10322580645161,19.543333333333333,0.0,0.0,0.0,82.16129032258064,84.64285714285714,85.51612903225806,87.26666666666667,85.25806451612904,86.53333333333333,82.51612903225806,81.7741935483871,81.16666666666667,0.0,0.0,0.0,5.322580645161288,5.053571428571428,5.258064516129032,4.599999999999999,5.935483870967742,4.803333333333332,4.296774193548388,5.061290322580645,4.956666666666667,0.0,0.0,0.0
Sentani,Papua,53.3,205.8,134.89999999999998,422.4,118.40000000000002,140.79999999999998,214.0,84.89999999999999,144.4,0.0,0.0,0.0,28.04193548387097,27.746428571428574,28.10322580645161,27.35,28.0483870967742,27.45333333333333,27.061290322580643,27.635483870967747,27.826666666666664,0.0,0.0,0.0,75.48387096774194,76.35714285714286,78.6774193548387,81.7,81.12903225806451,81.9,81.48387096774194,79.51612903225806,79.0,0.0,0.0,0.0,5.932258064516129,4.167857142857142,5.467741935483872,4.2733333333333325,6.032258064516129,5.823333333333334,4.738709677419356,5.319354838709677,6.373333333333334,0.0,0.0,0.0
Stasiun Klimatologi Genyem,Papua,108.1,281.4,253.50000000000003,280.20000000000005,266.6,269.0,188.3,143.6,173.6,0.0,0.0,0.0,27.10322580645161,26.985714285714288,27.174193548387095,26.90666666666667,27.22903225806452,26.68,26.667741935483875,26.80322580645161,27.17333333333333,0.0,0.0,0.0,87.51612903225806,87.32142857142857,87.03225806451613,88.23333333333333,88.2258064516129,88.66666666666667,87.38709677419355,87.25806451612904,85.76666666666667,0.0,0.0,0.0,5.751612903225806,1.6892857142857138,4.438709677419356,3.486666666666667,5.393548387096775,4.886666666666668,3.819354838709677,4.680645161290324,5.159999999999999,0.0,0.0,0.0
Angkasapura,Papua,0.0,0.0,0.0,0.0,0.0,0.0,0.0,0.0,0.0,0.0,0.0,0.0,0.0,0.0,0.0,0.0,0.0,0.0,0.0,0.0,0.0,0.0,0.0,0.0,0.0,0.0,0.0,0.0,0.0,0.0,0.0,0.0,0.0,0.0,0.0,0.0,0.0,0.0,0.0,0.0,0.0,0.0,0.0,0.0,0.0,0.0,0.0,0.0
Dok II Jayapura,Papua,95.9,330.8,345.3,412.4,135.29999999999998,223.80000000000004,353.90000000000003,85.5,112.3,0.0,0.0,0.0,28.71290322580646,28.046428571428574,28.380645161290325,27.756666666666664,28.46129032258065,28.08333333333332,27.748387096774195,28.14516129032258,28.360000000000003,0.0,0.0,0.0,83.93548387096774,86.75,86.16129032258064,88.1,86.90322580645162,86.83333333333333,86.58064516129032,85.48387096774194,86.56666666666666,0.0,0.0,0.0,6.116129032258065,3.7821428571428575,5.658064516129032,3.9933333333333327,5.606451612903226,5.753333333333333,5.048387096774194,5.9322580645161285,6.569999999999999,0.0,0.0,0.0
Enarotali,Papua,450.3,292.9,319.2,241.1,286.4,363.0,329.1,374.00000000000006,324.50000000000006,0.0,0.0,0.0,19.45806451612903,18.849999999999994,19.032258064516125,19.08333333333333,19.600000000000005,18.96666666666668,18.45483870967742,18.71290322580645,19.023333333333333,0.0,0.0,0.0,81.74193548387096,80.32142857142857,81.35483870967742,81.8,81.70967741935483,81.7,82.80645161290323,81.48387096774194,81.56666666666666,0.0,0.0,0.0,4.732258064516128,4.217857142857143,3.4419354838709677,3.66,4.887096774193549,4.049999999999999,3.3225806451612905,3.251612903225806,4.236666666666666,0.0,0.0,0.0
Mozez Kilangin,Papua,836.9,520.9,525.3,681.8,328.0,836.6000000000003,539.3999999999999,1258.0,757.9999999999999,0.0,0.0,0.0,27.038709677419355,26.967857142857135,27.00967741935484,26.980000000000008,26.816129032258072,26.180000000000003,25.90322580645161,25.35483870967742,26.02,0.0,0.0,0.0,86.3225806451613,85.78571428571429,86.74193548387096,85.63333333333334,88.0,89.73333333333333,89.41935483870968,90.48387096774194,87.93333333333334,0.0,0.0,0.0,4.383870967741935,3.974999999999999,3.370967741935484,4.579999999999999,4.6322580645161295,3.0533333333333337,2.8838709677419363,2.861290322580645,2.4933333333333336,0.0,0.0,0.0
Tanah Merah,Papua,418.2,166.3,398.2000000000001,436.1,407.2000000000001,544.6000000000001,618.8999999999999,142.1,300.7,0.0,0.0,0.0,28.10645161290322,28.023076923076925,28.12173913043478,27.69375,27.41935483870968,26.713333333333328,26.616129032258065,26.106666666666676,26.689285714285717,0.0,0.0,0.0,85.12903225806451,86.96153846153847,88.04347826086956,86.625,87.61290322580645,89.53333333333333,89.3225806451613,88.73333333333333,87.5,0.0,0.0,0.0,6.709677419354839,7.142857142857143,6.709677419354839,6.933333333333334,6.709677419354839,6.933333333333334,8.0,6.5,7.142857142857143,0.0,0.0,0.0
Mopah,Papua,519.9999999999999,232.9,280.5,362.8,367.9,499.0,261.0,17.5,97.0,0.0,0.0,0.0,27.916129032258063,27.471428571428568,27.67096774193549,27.49,27.267741935483876,26.52333333333333,26.09354838709677,25.954838709677425,26.89666666666667,0.0,0.0,0.0,86.61290322580645,86.5,87.0,87.2,88.0,88.73333333333333,89.51612903225806,83.16129032258064,81.76666666666667,0.0,0.0,0.0,4.696774193548387,4.132142857142857,5.477419354838709,5.2700000000000005,4.7064516129032254,4.636666666666667,4.0129032258064505,6.038709677419354,6.253333333333334,0.0,0.0,0.0